id,name,location,avgScore,heat,introduction,openTime,image_url,avg_score,open_time
1,丽江古城5A,云南省丽江市古城区七星街,4.7,8,丽江古城又名大研镇，是茶马古道上有名的城镇之一，影视剧《一米阳光》、《木府风云》等都在此取过景。古城内木楼青瓦，古街石巷，小桥流水，站在古城东大街上，举头即可遥望玉龙雪山，景色十分秀丽。丽江古城依山而建，街巷依水流而设，曾经是茶马古道的交易市场。古城内从四方街延伸出光义街、七一街、五一街和新华街四条主干道，四条路又衍生出纵横交错的街巷，构成了以四方街为中心的古城。当年被徐霞客盛赞的木土司王府木府，就位于七一街关门口附近，在这里可以感受纳西民族建筑的内涵。玉河水在城中一分为三，三分成九，再分成无数条水渠，形成主街傍河、小巷临渠的局面，使得古城充满生机。古城里遍布经营各地特产的店铺，有民族饰品、茶叶、银器、披肩等。此外，这里有众多餐馆，无论是本地风味，还是西餐披萨，一切都能让你大饱口福。,全年 全天开放,https://dimg04.c-ctrip.com/images/100d0m000000dfh4kDA7D_D_521_391.jpg,0,
2,大理古城4A,云南省大理白族自治州大理市一塔路42号,4.7,8.1,大理古城位于风光秀丽的苍山脚下，是古代南诏国和大理国的都城。这里是个适合生活的地方，当地人日出而作日落而息，闲时养花草晒太阳，加之阳光明媚温度适宜，吸引游客无数。白天必逛在古城，白天你可以逛逛复兴路，复兴路是古城的一条步行街，街两边有众多店铺，经营大理石雕刻、民族服饰和当地特色食品等当地特产。在各色店铺间穿行流连，可以淘些有民族特色的小东西，累了饿了，路边的小吃店也能吃到有特色的当地小吃。古城夜生活夜间，你可以像混在当地的人们一样，聚集在洋人街和人民路一带，这里有超多的特色酒吧和小咖啡馆，有些店里还有驻场歌手或者游人的即兴演出，热闹非凡。你尽可以在酒杯和音乐间寻觅那一份属于你的活色生香。,全年 全天开放,https://dimg04.c-ctrip.com/images/100n0h0000008rbfs673A_D_521_391.jpg,0,
3,普达措国家公园5A,迪庆藏族自治州香格里拉市建塘镇红坡村,4.3,8.2,普达措国家公园位于大香格里拉风景区的中心区域，是世界自然遗产“三江并流”的重要组成部分， 由碧塔海、属都湖和弥里塘亚高山牧场为主要组成部分（从2017年9月3日起，碧塔海核心景区和弥里塘亚高山牧场全线封闭，停止对外接待游客）。公园内主要的两个湖泊：属都湖、碧塔海，分别位于公园的南北两侧，相距10余公里。两湖之间有洛茸村、弥里塘草原等景点。因距离较远，游人一般都乘坐环保观光车，根据车行路线游玩。入口处乘坐景区环保观光车，约20分钟可抵达属都湖景区。属都湖湖水清澈碧蓝，湖畔是一片绵延的高原牧场，春夏季节，草场上野花盛开，非常漂亮。冬季的清晨，湖面上水汽凝结，像一层白雾弥漫在水面上，只有搭乘清早的第一班车到此，方可观赏到这一奇景。草场沿湖搭建有步行栈道，走完一圈大约需要一个小时。栈道尽头就是环保车站，游玩结束上车抵达下一个目的地。环保车的下一站是弥里塘草原，平坦开阔。环保车继续前行，会经过公园游客服务站，这里有桑错卡餐厅，条件虽然一般，价格也不便宜。但如果真的累了饿了又没有自带干粮的话，也只能在此吃午餐，顺便休息一下。碧塔海是环保车路线的末站，也是此行的重头。碧塔海在藏语里是意思是“栎树成毡的海子”，顾名思义，湖畔栎树茂密如绿色的毡子。栎树林间生长有大量杜鹃花，每年5-6月春暖花开时，杜鹃花瓣掉落水中，鱼儿吃了含微毒的杜鹃花，纷纷浮上水面，这就是碧塔海有名一景：杜鹃醉鱼。碧塔海湖畔也建有栈道，沿着栈道缓缓前行，可至湖畔码头。湖中有游船，可环湖游览山光水色。,全年 08:30-16:00开放,https://dimg04.c-ctrip.com/images/010341200089z97r613F9_D_521_391.jpg,0,
4,石林风景区5A,云南省昆明市石林彝族自治县石林大道,4.7,8.8,石林景区位于昆明石林县，是昆明的重点景点之一。石林是典型的喀斯特特色地貌，石峰、石芽、落水洞、地下河遍布，峰林幻化成各种形态，剑状、塔状、蘑菇状等等，千奇百怪美轮美奂。石林景区的几大片区分布较为疏散，以大小石林景区为中心，乃古石林位于大小石林景区以北约12公里处，大叠水景区位于大小石林景区西南约29公里处，长湖景区则位于大小石林景区东南方26公里处。常规的游玩石林多指大小石林。大小石林位于同一区域，大门口购票进去后，沿着甬道前行20分钟，左手边即是规模较小、石峰略为平缓的小石林景区，在一片茂密的峰丛中，有名的阿诗玛石即屹立在此，巍峨的峰林幻化成一位亭亭玉立的彝族姑娘阿诗玛，仿佛正在向你招手，这里是游人喜爱的合影之地。除了俊俏的阿诗玛，小石林区还有神骏、簇石擎天等景观，无不形态各异。这可是考验想象力的时候，如果你的想象力不够丰富，建议请一位导游，在他的引导下，你会对眼前的峰林有全新的认识。沿着公路缓缓前行，路边依次是唐僧石、石监狱、凤凰梳翅、灵芝石等，无不栩栩如生，惟妙惟肖，以各种姿态向你展示着大自然的造化奇功。沿着甬道前行，不经意间就来到大石林区，经过“双鸟渡食”“犀牛望月”“莲花峰”“石林胜境”“石屏风”等奇景，也走的有点累了吧，在狮子亭稍作休息，欣赏对面狮子池的峰林倒影，也不失为一种宁静的享受。看多了峰林，难免会有一些审美疲劳。是时候看看水景啦。乘上石林湖的游船，泛舟湖上，山光水色集于一处，所有的压力苦恼全都消失了。如果不想走路这么累，景区内有彝族姑娘开着电瓶车在景区间穿梭，招手即停。也一样可以饱览石林奇观，遇到热心的女司机，还会讲解一点小典故。乃古石林位于大小石林以北13公里处，也叫新石林或摩寨石林，石林景观、白云湖、石峰山、幽谷仙瀑组成。与大小石林相比，这里又是另外一种风格。这里的峰林整体呈灰黑色，石柱高大密集，有城堡状、塔状、蘑菇状等，古朴粗犷的怪石如浪涛般冲天而起，气势磅礴，漫步黑色的峰林中，仿佛进入荒蛮世界。,全年 07:30-18:00开放,https://dimg04.c-ctrip.com/images/10011f000001h392tDEBC_D_521_391.jpg,0,
5,玉龙雪山5A,云南省丽江市玉龙纳西族自治县雪花村,4.5,9.1,"玉龙雪山是丽江知名景点之一，也是纳西族心中的神山，一共13座山峰连绵起伏，似银龙飞舞，因此得名。景区内可以直接乘坐索道上山，轻松欣赏高海拔冰川的瑰丽，是很多游客来此游玩的亮点。雪山概述玉龙雪山以""险、奇、美、秀""著称。从山脚到山顶，有亚热带、温带、寒带等多级景观逐级。山脚的甘海子，是一片辽阔的牧场，春夏之际，草甸上龙胆兰、杜鹃盛放，在这里远望，玉龙群峰历历在目。海拔3200多米的云杉坪，更是纳西青年男女心中的圣地。这里是一片幽静的草甸，四周古木参天藤萝密布，环境幽静。玉龙十三峰下有19条现代海洋性冰川，远望如一片瀑布悬挂于扇子陡下方，在阳光的照耀下，泛着银光。游人可乘坐大索道抵达4506米的高度后，沿着山间栈道近距离观赏冰川和主峰的雄姿。大索道景区受欢迎的索道，将游人从位于甘海子的索道下站运送到海拔4506米的冰川公园。下了索道，沿着冰川上铺设的木质栈道，可一直行进到海拔4680米的最高处，近距离感受雪山和冰川的魅力。如遇大风天气，可能会停运，具体请留意官方消息。云杉坪索道索道下站位于雪山脚下白水河畔，乘坐景区环保巴士可达。乘坐云杉坪索道可抵达海拔3240米的云杉坪，这里是远观玉龙雪山群峰的好位置。牦牛坪索道牦牛坪是位于玉龙雪山另一侧面的一块大草坪，距离云杉坪约15公里。登上牦牛坪，可以从另一角度观赏玉龙雪山。",全年 07:30-16:30开放，景区根据客流量不定期调整开放时间，客流量大：07:30 - 16:30，客流量小：07:30 - 15:30,https://dimg04.c-ctrip.com/images/0106s120009lagj5n461E_D_521_391.jpg,0,
6,洱海游船,大理白族自治州大理市大理港码头,4.2,7.5,乘坐洱海游船，可以远观小普陀岛，登南诏风情岛，近距离观看汉白玉观音像。船上设施齐全，可以欣赏到具有浓郁民族特色的白族三道茶歌舞表演，领略白族人们热情独特的歌舞风情。,全年 08:30-16:20开放，以具体游船运营班次为准,https://dimg04.c-ctrip.com/images/100o1f000001gp5da5B10_D_521_391.jpg,0,
7,虎跳峡(香格里拉段)4A,迪庆藏族自治州香格里拉市虎跳峡镇东环线虎跳峡风景名胜区香格里拉上虎跳景区内,4.6,8.4,虎跳峡是世界上落差较大的峡谷，位于香格里拉县虎跳峡镇东部，分为上、中、下虎跳三段，全长约20公里。金沙江奔流至此，被玉龙、哈巴两大雪山所挟峙，江面窄处仅二三十米，加上巨大的落差，江水奔腾汹涌。除了雄奇的自然风光，虎跳峡更是世界知名的徒步胜地，每年慕名而来的户外爱好者络绎不绝。走过中虎跳，下到江边，你才能真正领略到虎跳峡恢宏磅礴的气势。虎跳峡以奇、险、雄、壮著称。其中，上虎跳以“峡口”和“虎跳石”称雄，中虎跳以“满天星”和“一线天”为险，而下虎跳则以“高峡出平湖”和“大具风光”为美。上虎跳上虎跳是虎跳峡的上段，距离虎跳峡镇约9公里，是整个虎跳峡窄的一段。其中观景台附近，宽度仅有不足30米，江心雄踞一块三角形巨石，把激流一分为二，溅起如雪的浪花和阵阵涛声。传说曾有一猛虎借江心这块巨石，从玉龙雪山一侧，一跃而至哈巴雪山这侧，所以此石得名：虎跳石。上虎跳开发较早，修有栈道可以从路边下至江边，脚程快的人20分钟即可。因为道路简单易行，路程较近，难度较低，有人戏称上虎跳为“老年人活动中心”。中虎跳中虎跳在上虎跳之下，距离上虎跳观景台约8公里路程。中虎跳峡口略宽，江面相对开阔，但险滩众多。江水在礁石区穿行，在阳光的照耀下，波光粼粼，仿佛漫天闪耀的星星，故称：满天星。沿着“张老师小路”蜿蜒下行，小路狭窄崎岖，至江边约需40分钟。江边怪石嶙峋，江水激荡奔涌，溅起水雾一片，可以看到绮丽的彩虹。返回公路的山路有两条，分别是张老师客栈修建的“108级勇者梯”和天梯客栈修筑的“天梯”路，沿着山路蜿蜒上行，攀爬上几近垂直的天梯，手脚并用的回到公路上后，无不大汗淋漓。但回看对面苍茫的玉龙雪山和脚下奔腾的金沙江，还有远处峡谷中的一线天空，你会觉得所有的辛劳都是值得的。下虎跳从中虎跳沿着公路前行，经过山体松动滚石连连的“滑石板”，眼前忽然一片开阔，江面变得开阔，江水趋于平缓，宛如峡谷中出现了一个巨大的水库，这里就是下虎跳。远处阡陌纵横，炊烟袅袅，已是丽江市的大具乡了。,全年 08:30-17:30开放,https://dimg04.c-ctrip.com/images/0101a120007u6uxdt7118_D_521_391.jpg,0,
8,东川红土地,昆明市东川区新田乡101省道,4.7,5.7,东川红土地位于昆明市东北，因土壤里含铁、铝成分较多，就形成了炫目的赤红色彩。土地被田地和农作物分割成一个个色块，远远看去，五彩斑斓，衬以蓝天白云，更为壮观。这几年，红土地逐渐成为了摄影爱好者的天堂。游玩红土地较佳时间有几个：每年4-5月麦子成熟期间、9-12月荞麦和油菜花旺盛生长的时候和2-3月田间偶有残雪的时候。因红土地各观景点距离较远，如果需要拍摄落霞和日出的话，建议在花石头村住宿。红土地景点较为分散，在花石头村附近有一个明显的三岔路口，是花石头村至红土地镇、东川区和昆明三条公路的交汇点，三条线可以将红土地的主要观景点串联起来，形成三条主要的观景线路：西北线、东北线和南线。游玩红土地简便的方式是包车，在东川城区包车一般每天250-300元不等，这样可以一天内跑完三条线，并且随时可以路边停车，不错过一丝美景。常规的拍摄路线：朝霞在打马坎观赏，其它时间在七彩坡、锦绣田园、乐谱凹、老龙树，傍晚时分到落霞沟拍落日。西北线：景点从南到北有浪大地、锦绣园、七彩坡和打马坎。浪大地位于三岔口以西，层层梯田如翻腾的浪花，故而得名。七彩坡与锦绣园其实是同一片土地，但从不同的角度去观赏，则会带来不同的视觉冲击。由于种植有大片土豆、荞麦等农作物，开花时节，色彩丰富颇为壮观。打马坎位于西北线的北部，是适合拍摄日出的地方。东北线：景点从南到北沿途有大平塘、老龙树、冬瓜湾、落霞沟和月亮田等。老龙树是一株树龄上千年的冷杉，孤独的立在红土地上，古朴而沧桑。每年五月份梯田放水插秧的时候，落霞沟的线条像一面琵琶，而且，落霞沟也是傍晚拍摄夕阳和落霞的好位置之一。月亮田距离花石头村约20公里，梯田景观和峡谷景观在这里结合，层次很丰富，是很多摄影爱好者钟爱的出大片的地方。南线：南线是去往昆明的公路，两侧有乐谱凹、大窝塘、大丫口等观景点。乐谱凹距离花石头村只有一公里多，一层层几乎水平的梯田仿佛七彩的五线谱，田间劳作的农民则是点缀的音符，惟妙惟肖。,全年 全天开放,https://dimg04.c-ctrip.com/images/0106e1200086sl3r59244_D_521_391.jpg,0,
9,青龙峡风景区4A,北京市怀柔区怀北镇大水峪村北500米,4.6,4.1,青龙峡四周青山环抱绿水，空气清新，踏青游山时，沿途还能看到明代古长城，是北京市民休闲度假的好去处。除了自然风光，你也可以参加游船、碰碰船、快艇等水上游戏，图刺激的还能试试蹦极和攀岩。青龙峡内建有水库大坝，将整个景区分为两个部分：南部的高峡平湖区和东岸的极限运动场所。在南部的湖区，景区提供了很多水上运动项目，游客可以在这里乘坐游船或快艇在水面遨游，欣赏两岸风光，也可以在浅水区选择竹伐或手划船，或者去玩玩碰碰船、水上步行球等水上游戏。夏季湖区还有游泳池对外开放。如果你喜欢比较刺激的娱乐项目，那就去景区的东岸吧。在青龙峡景区的东岸设有蹦极跳、攀岩、速降等极限娱乐项目。其中蹦极跳台距离水面约60米；速降全长约300米，落差高达约30米；攀岩高达25米，这些项目都非常具有挑战和刺激性。景区内的水上运动和极限娱乐项目都需要另外付费，具体价格可以参照官网。此外还可以在青龙峡景区内，沿着登山步道步行而上（或者乘坐观光缆车，单程10分钟），到达玉皇台，沿途可以欣赏到明代古长城在群山峻岭中蜿蜒曲折，天气晴朗时，在山顶还能遥望怀柔城区和密云水库。景区内有住宿和餐饮服务，但是大多数游客都是当天返回北京市区，不在景区内住宿。,05/25-07/15 08:00-17:00开放,https://dimg04.c-ctrip.com/images/01066120008jhgum5032B_D_521_391.jpg,0,
10,西湖游船,杭州市西湖游船码头,4.5,8.5,西湖沿岸景点众多，乘船游西湖，是领略西湖美景的经典途径之一，湖面上往来的船只和赏景的游人也是西子湖一景。坐在游船上，畅游湖光山色，细观绿波岚影，领略一番西子湖“淡妆浓抹总相宜”的美丽动人风貌。西湖游船有多种船型和线路，价格不一，游人可根据个人喜好进行选择，非常方便。,全年 08:00-16:45开放，具体时间以码头现场为准,https://dimg04.c-ctrip.com/images/0104m12000f6tvy9u6D80_D_521_391.jpg,0,
11,千岛湖景区5A,杭州市淳安县千岛湖镇梦姑路,4.4,8.2,千岛湖更准确地讲是新安江水库，位于杭州淳安县，是新安江大坝截流后形成的人工湖。这里湖水清澈，湖面上岛屿星罗棋布，是江浙度假休闲的热门选择。千岛湖周边有十几处漂流点，夏日消暑不可错过。千岛湖看点游玩千岛湖主要是坐游船登岛游览，景区按照游船线路为中心湖区、东南湖区，有固定的线路和岛屿景点，不仅湖上风光秀美，湖中每个岛的景致都各有特色。西南湖区则有龙川湾、芹川村，可以观赏湿地、古村风光。中心湖区和东南湖区是游览的重点，二者都紧靠着千岛湖镇，中心湖区包括梅峰岛、渔乐岛、月光岛、龙山岛等，其中梅峰岛是登高揽胜的地点；月光岛是爱情主题，适合情侣；看人文景观龙山岛上的海瑞祠可以满足你。东南湖区包括黄山尖、天池岛、桂花岛，黄山尖景色较好，在山顶可以俯瞰众多岛屿天然排成“天下为公”四个字，来到这里不妨找找看。桂花岛适合带小朋友去玩，岛上的猴子都是散养的，很可爱。骑行与漂流除了观光景点，千岛湖也是个特别适合骑行的地方，环湖公路边有自行车道，在一些星级酒店和镇里的咨询点可以租车，有适合情侣、家人的双人、三人自行车，悠然地吹风看景，别有一番乐趣。此外，千岛湖北面聚集了多处漂流地，而且大多数是比较刺激的皮筏漂流，适合年轻人前往。,全年 全天开放，中心湖区：游船时间08:00-14:20，游艇时间08:00-15:30；东南湖区：游船时间08:00-13:20，游艇时间08:00-15:00,https://dimg04.c-ctrip.com/images/10071f000001h6ymy0856_D_521_391.jpg,0,
12,灵隐寺,浙江省杭州市西湖区法云弄1号,4.7,8.3,灵隐寺又称“云林寺”，坐落于西湖西面的灵隐山麓。寺内环境清幽，是杭州最早的名刹，留存着各朝代众多精美文物。这里是济公的出家地，据说求愿很灵验，每天来祈福的香客络绎不绝。一千七百年的风雨，使灵隐寺成为历史与文化的宝库：天 王殿上悬“云林禅寺”匾额，为清康熙帝所题；大雄宝殿前的石塔、天 王殿前的石经幢均是五代十国吴越时的遗物；寺内珍藏的佛教文物有古代贝叶写经、东魏镏金佛像、明董其昌写本《金刚经》、清雍正木刻龙藏等珍贵宝物。灵隐寺还是“济公”道济和尚出家的寺庙，在道济禅师殿中供奉的一尊右手拿破扇、左手持念珠、右脚搁在酒缸上的佛像便是济公像。灵隐寺背靠北高峰、面朝飞来峰，飞来峰虽然山不高，但山上有许多奇幻多变的洞壑，更遍布着五代以来的佛教石窟造像多达三百四十余尊，是我国江南少见的古代石窟艺术瑰宝。寺庙常年香火旺盛，特别是在初一、十五或者佛教盛日，善男信女从四面八方而来，更是人山人海。,全年 06:30-18:00开放，在以上开放时间基础上，每逢国家法定节假日，景区将提前半小时开门，推迟半小时关门,https://dimg04.c-ctrip.com/images/10090n000000e2tjiAAF1_D_521_391.jpg,0,
13,西栅,浙江省嘉兴市桐乡市石佛南路18号,4.5,7.9,西栅是乌镇的精华所在，虽与东栅同为主要景区，但这里没有东栅的繁闹市井，一切都经过重新整修和设计，街头巷尾的咖啡馆、酒吧，充满了文艺情怀。乘摇橹夜游西栅是非常值得推荐的体验，灯影桨声里的江南水乡分外迷人。西市河贯穿西栅东西，纵横交错的小河道将西栅分为许多小岛，各部分又有数十座各异的古石桥相连接。老建筑依水而建，典型的江南水乡小桥流水景致。除了可以入内参观的景点，景区内还有不少精致的小店、咖啡馆和酒吧，适合静下心来慢慢逛。游玩西栅可以步行，也可以坐景区的交通车或游船代步。如果是白天，顺着河北岸的西栅大街走走，昭明书院是昭明太子萧统读书的地方，现在是个图书馆，可以来这儿读会儿书，或者在入口处的留言墙上贴张小纸条，留下自己的心情；三寸金莲馆可以看到几百双缠足鞋。南岸东面的叙昌酱园老远就能闻到酱油的味道，可以看到院子里做酱油用的露天的大缸，或者买点酱油做纪念；迁善桥附近的女红街有许多特色商铺卖些刺绣、围巾之类的手工制品，女孩子不妨来这里淘点小玩意，然后去对岸的老邮局给亲友寄上一张带着乌镇老邮局邮戳的明信片，文艺又浪漫。西栅的夜景是许多人钟情这里的理由，晚上古镇里的桥梁和房屋都亮起灯光，乘着小船驶在倒影里，感觉非常好，拍出的照片也别有一番风情。此外，还有一些体验项目可以参加，天气晴好的晚上，在大戏院广场用老式胶片放映《三毛流浪记》、《地道战》等黑白老电影，坐在长条椅上看电影的感觉很特别。如果对传统艺术感兴趣，不妨去水上集市听花鼓戏，大戏院书场听评弹。,"全年 09:00-22:00开放，西栅景区内各展馆场馆营业时间：夏令8:00-17:30，冬令8:00-17:00
西栅夜景灯光：夏令周日至周四 22:30关闭，周五周六 23:00关闭；冬令周日至周四 22:00关闭，周五周六 22:30关闭。
西栅景区木心美术馆每周一闭馆；",https://dimg04.c-ctrip.com/images/100c1f000001gsxcq27C5_D_521_391.jpg,0,
14,上海迪士尼度假区,上海市浦东新区川沙新镇黄赵路310号,4.7,10,上海迪士尼度假区位于上海浦东新区，是中国内地第一个迪士尼度假区，你可以在此亲历许多迪士尼乐园的经典项目，包括较大的迪士尼城堡、以海盗为主题的园区、较长的迪士尼花车巡游路线等，身临其境地感受神奇王国。迪士尼乐园▲ 上海迪士尼乐园分为八个各具特色的主题园区，包括“米奇大街”、“奇想花园”、“梦幻世界”、“迪士尼·皮克斯玩具总动员”、“探险岛”、“宝藏湾”、“明日世界”和“疯狂动物城”。无论男女老少都能在这里找到快乐的天地。▲ #米奇大街#一进入迪士尼乐园门口，便步入了“米奇大街”。米妮、唐老鸭、黛丝、高飞以及布鲁托等一众伙伴将在这里欢聚，你可以在这里与喜爱的迪士尼朋友热情拥抱、合影留念。在大街上五花八门的商铺中，“M大街购物廊”将提供乐园内丰富的礼品和纪念品选择。▲ #奇想花园#奇想花园由7片不同风格的神奇小花园组成，你可以驾着“幻想曲旋转木马”回旋在欢乐中，或是乘坐“小飞象”翱翔天空，还有城堡舞台秀和“奇梦之光幻影秀”等多项标志性迪士尼娱乐演出可供观赏。游客还能在这里从不同角度欣赏全球路线较长的迪士尼主题花车巡游——“米奇童话专列”。▲ #梦幻世界#梦幻世界是乐园中较大的园区，也是宏伟壮丽的“奇幻童话城堡”所在地。在这个如童话般的仙境中，动画控们可以伴着小熊维尼探索百亩森林，和爱丽丝一起在梦游仙境迷宫中穿行，与七个小矮人一同乘坐矿山车探险，登上“小飞侠天空奇遇”飞船横越伦敦的天空，或是跟着“晶彩奇航”蜿蜒漂流过一个个熟悉的迪士尼故事。▲ #迪士尼·皮克斯玩具总动员#在这里，你可以坐上“弹簧狗”的螺旋形弹簧，欢快地围着一个盛满了玩具骨头的大狗盘绕圈，“抱抱龙”将邀请大家坐上遥控冲天赛车，在长长的“U”型轨道上开启一段刺激的冒险旅程，除此之外，你还可以在“艾尔玩具店”，购买你喜欢的游戏、玩具、服饰、徽章等。▲ #探险岛#来到探险岛，仿佛置身于新发现的远古部落中。巍峨的雷鸣山将为你的探险岛之旅指出明确的方向。你可以在“古迹探索营”中走出自己的探险之路，或是在“翱翔•飞越地平线”里横跨世界和时空，坐上“雷鸣山漂流”的筏艇深入探险岛腹地，探索一只庞大神秘巨兽所在的黑暗领域。▲ #宝藏湾#“宝藏湾”是全球迪士尼乐园中第一个以海盗为主题的园区。“加勒比海盗——沉落宝藏之战”将水载乘坐项目变为惊险刺激的大冒险，富有探险精神的游客们还可以划着“探险家独木舟”畅游美丽海湾，踏上海...,03/20-04/06 08:30-21:30开放,https://dimg04.c-ctrip.com/images/01055120008ji2uc75021_D_521_391.jpg,0,
15,西溪国家湿地公园5A,浙江省杭州市西湖区天目山路518号,4.5,8,西溪国家湿地公园位于杭州城市西部，离杭州主城区武林门只有6公里，距西湖仅5公里。西溪起始于汉晋，发展于唐宋，兴盛于明清，衰落于民国，再兴于当代。杭州历史上曾有“西湖、西溪、西泠”并称“三西”之说。历史上的西溪占地约60平方公里，现实施保护的西溪湿地总面积约为10.38平方公里。有“秋芦飞雪、高庄宸迹、渔村烟雨、河渚听曲、龙舟胜会、曲水寻梅、火柿映波、莲滩鹭影、洪园余韵、蒹葭泛月”等十景，“福堤、绿堤、寿堤”三堤。西溪是国内仅有的集城市湿地、农耕湿地、文化湿地于一体的罕见湿地，也是全国较早国家湿地公园。 西溪湿地蕴涵了“梵、隐、俗、闲、野”五大主题文化要素，分区特征为“南隐、北俗、东闹、西静”。西溪文化的精髓是“一园五地”：洪园、越剧首演地、词人圣地、水浒孕育地、文人逍遥地、民俗浓缩地。西溪有梅林300亩，种植有江梅、宫粉、朱砂、绿萼、玉蝶、美人梅等多个品种。西溪赏梅的好去处在梅竹休闲区，梅竹山庄和西溪梅墅集中，从周家村到高庄的梅堤沿线也种植了不少梅花。从11、12月至次年3月，都陆续有不同品种的梅花开放。“曲水寻梅，摇舟探梅”是西溪特有的赏梅方式。,"10/08-01/27 08:00-17:30开放;01/29-03/31 08:00-17:30开放;04/01-10/07 07:30-18:30开放;01/28 00:00-15:30开放，（一）开闭园时间
1、夏令时：4月1日-10月7日开闭园时间07:30-18:30 门票售票时间07:30-17:30 船票售票时间07:30-16:45
2、冬令时：10月8日-次年3月31日开...",https://dimg04.c-ctrip.com/images/1lo0x12000i1h0kf416E8_D_521_391.jpg,0,
16,杭州博物馆,杭州市上城区粮道山18号,4.5,5.7,馆内展厅共分三层，主要由一楼的原始社会——南北朝时期展厅、隋唐五代时期展厅、运河厅，二楼的两宋时期展厅、元明清时期展厅、百年老店、临时展厅，三楼的邮票展厅、书画厅组成。陈列品以历年杭州出土的珍贵、精品文物为主，全面又重点地反映了杭州的历史面貌，并运用先进的声、光、电技术丰富展示效能，营造出了感性直观的游览认知氛围。该馆展品中有国宝级文物战国水晶杯、越窑褐彩青瓷汕灯，展出的国家二级以上文物共200余件，包括良渚时期玉石器、吴越石刻星象图等。馆内还运用各种高科技手段，展示宋代大运河沿岸模拟景观、杭州百年老店风情等。,"全年 周一, 周三-周日 09:00-16:30开放;全年 周二 全天不开放",https://dimg04.c-ctrip.com/images/0106s12000isp028sB3D1_D_521_391.jpg,0,
17,天一阁博物院5A,宁波市海曙区天一街10号,4.7,7.8,天一阁博物院位于宁波市内的月湖西岸，这里坐落着我国现存非常古老的私人藏书楼——天一阁。它是明朝嘉靖年间（1561-1566年）卸任官员范钦所建的藏书处，楼中摆放着古籍与书案，处处弥漫着厚重的书香气息。博物馆其实是座江南园林，园区内的东园和南园错落有致地分布着假山、池塘、亭台等景致，走在古朴的砖木长廊内，感受清幽的环境。园内建有明州碑林，数百通石碑记载了古代官方的教育史。还有书画馆，时常会展出天一阁所藏历代书画精品和名人雅士的书画佳作。园区内另有天一阁建成之前的藏书处“东明草堂”、展示宁波民居建筑特色的“秦氏支祠”、以及范氏故居等建筑。而在麻将陈列馆中则可看到麻将牌，让你了解到麻将文化的起源与发展。,"5/1-10/31 周二-周日 08:30-17:30开放;11/1-4/30 周二-周日 08:30-17:00开放;5/1-10/31 周一 13:30-17:30开放;11/1-4/30 周一 13:30-17:00开放;元旦节,春节,清明节 08:30-17:00开放;劳动节,国庆节,中秋节 08:30-17:30开放",https://dimg04.c-ctrip.com/images/1lo4e12000j5ijxnhE969_D_521_391.jpg,0,
18,莫干山风景名胜区4A,浙江省湖州市德清县,4.6,7.7,莫干山景区位于浙江北部德清县境内，山上不仅有茂密的竹林，还有两百多幢颇有韵味的老别墅，宛如世外桃源。这里丰富的自然人文景观和巨大的名人效应，使之成为江浙沪热门的避暑地。景区大致分为武陵村景区、剑池景区、芦花荡公园和大坑景区几部分。大坑景区略远，去往时可乘车，那里上午特别凉快，可安排在第二天上午游玩，其它景区一天走下来不算太费力。剑池从荫山街出发，走下坡路便到了剑池，这里是莫干山的瀑布群，剑池可能比想象中袖珍些，但竹林和瀑布很是清凉。池边有一尊干将、莫邪铸剑的铜雕，是莫干山的标志，游人来这儿总不忘拍张照。芦花荡公园由剑池顺指示上山，十来分钟可走到芦花荡公园，这里有一片碑林，爱好书法的朋友可以前去品鉴。由此上山即是白云山馆，是几座漂亮的老洋房别墅。附近的观日台是看日出的好地方，第二天不妨起个早来此看日出。松月庐往武陵村方向走，可至松月庐，松月庐是蒋介石官邸。它是两层小别墅，装修很简单，一楼会客，二楼起居。值得一提的是官邸附近还有不少别墅，甚至有些看起来比松月庐大气许多，很有观赏价值。如果天气晴好，可继续往山下走，过滴翠潭到半山腰的旭光台，这里地理位置佳，前可遥望壮丽河山和繁华市镇，后可远观莫干山上形形色 色的别墅，景色非常不错。大坑景区相较山上的热门景点，大坑景区显得比较低调，怪石角层层叠叠的怪石很是壮观，视野也十分开阔。尤其是上午格外凉爽，时间充裕不妨在此多逗留一会儿。吃饭住宿来到莫干山的游客大多是自驾或跟团来的，自助游则可先到德清而后转乘巴士到达景区。如果紧凑安排，可一日游玩山中的经典景点，但如果想要休闲纳凉，那么建议至少住一晚。住宿可以选在景区内荫山街附近，或者山下的莫干乡。荫山街是景区的中心，也是旅游集散地，周边有皇后饭店、剑池山庄、吴越度假村等酒店，也有好些饭店可以吃饭，可将此地作为游玩大本营。莫干山以竹子著称，兰花鞭笋是当地特色，生炒石鸡也是一定要尝尝的特色菜，一般小店都能吃到。,全年 全天开放，室内景点：8：30-16：30,https://dimg04.c-ctrip.com/images/1lo0j12000iftqpnx1507_D_521_391.jpg,0,
19,黄山风景区5A,安徽省黄山市黄山区205国道,4.8,9.1,黄山风景区坐落于黄山市黄山区汤口镇境内。黄山自古以来就是中国数一数二的名山，奇松、怪石、云海、温泉被称为黄山的“四绝”。除此之外，雾凇、雪景、日出也是游人不会错过的景观，古人有“五岳归来不看山，黄山归来不看岳”的说法。景区内分为南门、西门和北门，绝大多数游客都会从南门出入，南门又有前山后山两个出入口，都靠近山脚下的汤口镇。镇上也成了游玩黄山的中转站，很多游客都会提前赶到这里住宿一晚。汤口镇上到景区门口需乘黄山新国线班车，在前山山门（慈光阁）、后山山门（云谷寺）、黄山温泉都会停靠。景区游览主要分为前山、后山两条上山路线，都通向主峰之一光明顶，在光明顶的另一侧，还有一条环线-西海大峡谷。前山前山指慈光阁开始到山顶玉屏楼的登山路线（可乘玉屏索道直达），还有山顶的莲花峰、天都峰区域。前山风景大气，很适合乘索道俯瞰。高峰莲花峰和另一主峰天都峰都在这里（两峰交替开放），还迎客松、鲫鱼背、百步云梯、一线天、天海等经典景点。后山后山是指云谷寺到白鹅岭的登山路线（可乘云谷索道直达），以及白鹅岭后面的始信峰、狮子峰、排云亭等山顶区域，后山风景多是精巧的山景，适合步行一路观赏。飞来石、猴子观海都在这里。西海大峡谷西海大峡谷是近些年新开放的景区，谷内幽深，风景非常壮丽，被称为黄山真正的精华风光集合地。西海大峡谷可以从后山山顶区域的排云亭进入，谷内环绕一圈后回到主峰天海处。从排云亭步行下到谷底大约2小时左右，然后可乘坐缆车到天海。路线推荐黄山常规的玩法是两日游，路线分为前山上后山下（前山-西海大峡谷-后山）和后山上前山下（后山-西海大峡谷-前山）。前山上后山下适合乘索道上山，步行下山，即轻松又不错过后半段精致的美景，不过因为西海大峡谷的精华路线是从排云亭到天海，所以要走一段回头路。只有一天时间也可以玩黄山，不过行程紧张，建议后山上前山下，上下山都乘索道，而且要选择不爬前山主峰（莲花峰/天都峰）或者不去西海大峡谷。住宿选择山顶有多家住宿地点，基本集中于光明顶天海、排云亭、白鹅岭、北海等几个区域。光明顶天海是看日出的好地方，玩西海大峡谷时也适合寄放行李。白鹅岭是后山云谷索道的上站，一般下午从后山进景区的，住在这里比较合适。,"03/02-11/30 周一-周五 07:00-17:10开放;03/02-11/30 周六-周日 06:30-17:40开放;12/01-03/01 08:00-16:40开放;清明节,劳动节,国庆节,端午节 06:30-17:40开放，一、鉴于景区游览面积大，所需游览时间较长,景区徒步登山门票检票口关闭时间为15：00。15：00后，各登山游步道门票检票口实行“只出不进”措施，不再安排...",https://dimg04.c-ctrip.com/images/100q0z000000nm6w7F15F_D_521_391.jpg,0,
20,九华山大愿文化园4A,安徽省池州市青阳县佛光大道,4.7,6.6,暂无简介,全年 08:00-17:00开放,https://dimg04.c-ctrip.com/images/0104g1200087doyf9C076_D_521_391.jpg,0,
21,李鸿章故居4A,安徽省合肥市庐阳区淮河路步行街中段208号,4.6,6.2,李鸿章故居位于合肥市繁华的淮河路步行街中段，是典型的晚清江淮地区民居建筑。李鸿章出生于合肥，是晚清军机重臣，他的五个兄弟也身居高位，当时李家住宅有“李府半条街”之称，可惜现在仅寥寥几间屋子，面积不到原来的十二分之一。故居中精美的木头雕花令人赞叹，而各厅堂中关于李鸿章的展览，令人对其毁誉参半的人生唏嘘感叹。故居的建筑由南到北依次为大门、前厅、中厅、走马楼（小姐楼）。前厅有“李鸿章生平展”，用图文介绍加实物陈列的方式介绍了李鸿章“少年科举，壮年戎马，中年封疆，晚年洋务”的一生。中厅名福寿堂，是接待客人的地方，按客厅模样布置，屋中的木头家具和每一扇窗户上都有漂亮的图案，中厅的东西两厢是书房。中厅和走马楼之间的过厅有“李鸿章墨宝展”，可以欣赏李鸿章苍劲有力的书法。走马楼是整个故居的精华，为“回”字型木楼，一楼有“李鸿章与招商局”展览，二楼是小姐们的闺房。走马楼后一进楼上的绣床、梳妆台、圆凳都用红木制成，绣床尤其名贵，据说是用整棵树雕成的。故居木头雕花精美，门罩、床、台、凳上面全部都有精细的花纹。二楼东首据说是李鸿章幼女即张爱玲祖母菊耦的住所。在故居主体建筑的东侧是陈列馆，布置了“淮系集团与中国近代化”展览，介绍李鸿章领导的淮军，陈列着当时淮军的铠甲、武器，还有用满汉两种文字书写的五色圣旨等。,"全年 周二-周日 09:00-17:00开放;全年 周一 全天不开放;元旦节,春节,清明节,劳动节,端午节,中秋节,国庆节 09:00-17:00开放;除夕 全天不开放",https://dimg04.c-ctrip.com/images/tg/917/303/677/c50ef065676b443fa70542ed8338a4fc_D_521_391.jpg,0,
22,安徽博物院(新馆)4A,安徽省合肥市怀宁路87号,4.5,6.7,暂无简介,01/01-01/26 周二-周日 09:00-17:00开放;01/29-02/02 周二-周日 09:00-17:00开放;02/04-12/31 周二-周日 09:00-17:00开放;01/01-01/26 周一 全天不开放;01/29-02/02 周一 全天不开放;02/04-12/31 周一 全天不开放;01/27-01/28 全天不开放;02/03 09:00-17:00开放...,https://dimg04.c-ctrip.com/images/0101d12000i0lcehi93EF_D_521_391.jpg,0,
23,宏村景区5A,安徽省黄山市黟县宏村镇,4.5,8.5,宏村景区是徽派古村中的代表，有“中国画里乡村”的美誉。来宏村一是看水利系统带来的水景，南湖、月沼是精华所在；二是看建筑上的徽派三雕，砖雕、石雕、木雕，像剪纸一样精细，人文景观与自然景观很好地融为一体。宏村位于黟县东北11公里，黄山市西北68公里处，始建于南宋绍兴年间（公元1131年-1162年），从明永乐年间（公元1403年-1424年）开始，逐步发展成了神奇的“牛形村”的样子。村口的古树是“牛角”，村中房屋鳞次栉比的明清徽派建筑是“牛身”，村西溪水上四座桥是“牛腿”，月沼是“牛胃”，南湖是“牛肚”，流经家家户户的水圳（导引清泉的水沟）则是“牛肠”。村中道路四通八达，入口有多个，主要的有三个，一个是村西当地人口中的“村口”，栽有红杨和银杏两颗古树；一个是南湖西边际泗桥通向的入口；还有一个是南湖东边，有停车场的入口，这是宏村较大的入口，也是正门所在，一般游客从此门进入，由南到北游览古村。先欣赏位于宏村南端的精华景点之一南湖，是开凿于明万历丁未年（公元1607年）的弓形人工湖，水面开阔，穿湖而过的画桥为电影《卧虎藏龙》里李慕白牵马走过的地方。湖北岸有南湖书院，清朝时把原来湖边的六所私塾合并为一个书院，所以书院显得非常宽敞。看完南湖向北走，可顺道游览敬德堂、汪大燮故居（振绮堂）。接着来到宏村中心位置的精华景点——开凿于明永乐年间的月沼，周围的徽派建筑倒映其中，是很好的拍照地。遗憾的是，月沼边往往聚满游客，想要拍张没人的照片比较困难。月沼北岸正中有祠堂乐叙堂，宏村的居民多姓汪，所以又叫汪氏宗祠。村中其他的屋子都是清代的，只有乐叙堂是明代的，比起清代建筑的繁复，明代建筑显得简约。月沼北侧西首还有建于清代的敬修堂。继续向北走，参观宏村曾经的富豪建筑，清末大盐商汪定贵的住宅承志堂。承志堂里书房、厨房、马厩、保镖房、男女佣人房俱全，甚至还有搓麻将牌的“排山阁”。屋内自带池塘、水井，用水不出屋。而很值得一看的是精美的徽派三雕，有些木雕上还涂着金粉，可谓富丽堂皇。其他你还可以看下村中的德义堂、树人堂、桃源居等古建筑。,全年 全天开放,https://dimg04.c-ctrip.com/images/1lo1812000isci3u41796_D_521_391.jpg,0,
24,西递5A,安徽省黄山市黟县西递镇西递村,4.5,7.8,西递位于黟县东南8公里，黄山市西北50公里处，是典型的徽派古村。宏村看水，西递则主要看建筑，记得留意建筑上的徽派三雕，砖雕、石雕、木雕，花纹枝桠精细得仿佛一捏就断。而来此写生的美院学生又是另一道风景。西递村中的居民多姓胡，相传为唐太宗李世民的后裔，为躲避战乱而改姓胡。村子始建于北宋皇佑年间，发展于明朝景泰中叶，鼎盛于清朝初期，当时西递腰缠万贯的徽商将自己的故里建设得舒适气派，现在我们看到的明清建筑依然保持着昔日的堂皇。古村仿船形而建，横跨于三条溪水之上，南边的前边溪和后边溪在村内的汇源桥处汇合成西溪，西溪与北边的社屋溪又在村口汇合，溪流都由东往西流，所以村子名西递。村中道路四通八达，入口有多个，主入口在西南角，一般由西南向东北游览古村。到了主入口，首先看到的是胡文光牌坊，建于明万历六年（公元1578年），气势恢弘，代表着胡氏家族的显赫地位。牌坊通体采用当地的“黟县青”大理石雕筑而成，顶上有五层，每一层都有不同的精美石雕。牌楼边是明经湖，可以拍摄徽派建筑的倒影。进入村子，来到位于横路街口的瑞玉庭，这是一座具有代表性的徽商住宅，建于清咸丰年间。里面有意思的是一幅幅对联，比如全是走字底的字组成的对联“迎送远近通达道，进退迟速游逍遥”，再如“快乐每从辛苦得，便宜多自吃亏来”，讲述经商道理的同时，也蕴藏着处事哲学。向东走，过前边溪，东岸的敬爱堂始建于明万历年间，清乾隆年间重建，是村中现存面积较大的祠堂。敬爱堂以前是胡氏家族议事、举办婚事、教斥不肖子孙的场所。屋内悬挂的大大的“孝”字让人印象深刻，“孝”上的“土”字右半边像作揖的人，左半边像猴，意思是守孝道方为人，反之就如猢狲一般。沿前边溪接着向东北走，上游的尚德堂距今有400年历史，是村中现存古老的明代屋子。从入口一路走来，你还可以参观西递住宅与书馆相配的建筑桃李园；徽派庭院西园、东园；清代西递首富胡贯三晚年的居所惇仁堂。另外，走马楼、绣楼和追慕堂等，也是西递极有特色的明清建筑。3、4月份来西递可以看到白墙黑瓦与油菜花相互衬托的美景，不过要避开清明节，游客实在太多。西递的商业化程度比较高，不少当地人家开出了农家乐，也有挑着担子在街边卖小吃的，你可以品尝到徽州特色美食，有腊八豆腐、烧饼、竹笋、电视节目《舌尖上的中国》里介绍过的毛豆腐、臭鳜鱼等。如果想要享受古村的宁静，可以住上几晚，在清晨与黄昏时逛逛古村，避开白天的人群。...,"全年 全天开放，春季：西递景区夜游演艺内容开放时间18:00-20:30；
夏季：西递景区夜游演艺内容开放时间19:00-21:00；
秋季：西递景区夜游演艺内容开放时间18:00-20:30；
冬季：西递景区夜游演艺内容开放时间17:40-20:00；
以上信息仅供参考，具体以当日实际公示信息为准。",https://dimg04.c-ctrip.com/images/1lo3h12000iscf1s64A49_D_521_391.jpg,0,
25,天柱山5A,安庆市潜山市天柱山镇茶庄村,4.7,7.3,天柱山位于安徽省西南的潜山县境内，这里山清水秀，素以“峰雄洞幽、松奇石怪”而著称，是世界地质公园。天柱山秀美、奇险而且充满乐趣，你可以登上山巅遥赏天柱峰、走走惊险的青龙背，或是去看险关古寨、去神秘谷一探究竟，还可以俯瞰美丽的炼丹湖，而天柱山云海也是一大胜景。游玩贴士春、夏、秋季是游天柱山的较佳季节。天柱山景区主要由西关和东关两部分组成，通常有三种走法：西关小循环、西关新游线、大循环。西关小循环的走法较为轻松，适合时间不足一天的游客；西关新游线是经典线路，涵盖了西关全景，需要一整天；走大循环可尽赏东、西关美景，但很考验体力，建议两天游山。南大门是景区的主入口，不过从游客中心购门票后至南大门之间还有一段山路，可乘坐景区巴士（往返30元）至索道下站。现在天柱山索道（一索）、青龙涧索道（二索）已停运，目前天柱山只有大龙窝索道（也称“三索”）在运营，索道费用：上行80元，下行60元。游览指南从南大门可徒步登山或乘坐大龙窝索道登山，建议乘坐索道上山，可以少爬一段景色不多的路。索道上山后有两条岔路，分别往总关寨或神秘谷，建议走巨石错落形成各种山洞的神秘谷，接着去观飞来峰、天柱峰，然后回头走总关寨下山，此为西关小循环路线。天柱峰（海拔约1488米），天柱峰无法攀登，只能从远处观赏，不过全年约有一半时间天柱峰都隐没在云雾里，能否看到得看运气。走过“渡仙桥”可登上天池峰顶，这里是观赏天柱峰的较佳位置，天气晴朗时这里视野宽阔，还是观日出、云海、晚霞的较佳地点。观飞来峰、天柱峰之后，若时间充裕，可继续走新游线，即接着赏蓬莱峰、下拜岳台，然后经搁笔台-仙人洞-青龙背-青龙轩-莲花峰，至炼丹湖，如果体力好，可继续走画眉岭-迎真峰-丹砂亭-天柱山庄线路下山。如果有两天的时间且体力不错，可选择在天柱山庄住宿，第二天游览东关。青龙背是山上一巨大的狭长山脊，行走在上面惊险刺激，走到头是一处三面绝壁的观景台“万景台”。站在万景台观景，而云雾弥漫时犹如腾云驾雾。位于山腰的炼丹湖是天柱山的另一处胜景，尤其从山上俯瞰此湖美不胜言，你也可以下到湖边沿湖散步。俗话说“东关险、西关秀”，东关线路的攀登难度要大于西关，路上会有更多直接在光秃秃的巨石上凿出来的台阶，而一侧往往是深不见底的悬崖，走起来要格外小心，而且对于体力也尤为挑战（东关的路线是：仙桃石-画眉岭-回音台-千丈崖-大天门-鹊桥-奇谷天梯-东大门）...,"01/01-01/27 07:00-17:00开放;01/29-12/31 07:00-17:00开放;01/28 07:00-12:00开放，1、大龙窝索道营业时间：
周一至周五：08:00-17:30
周六、周日：07:30-18:00
2、景交车营业时间：
周一至周五：07:30-17:00
周六、周日：07:30-17:30",https://dimg04.c-ctrip.com/images/1lo4v12000hsueujp2F92_D_521_391.jpg,0,
26,屯溪老街,安徽省黄山市屯溪区,4.5,5.9,屯溪老街位于黄山市屯溪区中心地段，是市内有名的小吃街、商业街。街区内铺着青石板路，两侧林立徽派建筑，店铺便开在临街的屋子里，出售的大部分是徽州特产。屯溪老街的主街东西走向，全长八百余米，东端有一块牌坊和写有《屯溪老街记》的照壁，西至横江、率水、新安江汇流处的老大桥（镇海桥）。这里古时因三江汇流处的码头发展起来，繁荣于明清，现在街上依然有着过去的繁华。白天来屯溪老街，能清晰地看到徽派建筑上精美的砖雕、木雕、石雕，并参观一些景点，有屯溪博物馆、万粹楼等。晚上的这里要比白天更热闹些，店铺开了灯，一串串红灯笼与白墙黑瓦相映，带个三脚架，吃饭、逛街之余可以拍拍夜景。若要吃美食，新苏老徽馆（老街151号）挺有名气，你可以尝尝电视节目《舌尖上的中国》里介绍过的徽州特色菜毛豆腐、臭鳜鱼。此外，沿街有许多卖小吃的，有臭豆腐、烧饼、徽墨酥等，边吃边逛也是不错的选择，像徽墨酥买回家还能赠送亲朋好友。从主街两旁叉出去的道路，也属于屯溪老街街区。如果你不喜欢购物，从岔路往南走，就能到达新安江畔，可以看江景；也可以步行至德阳楼，一边喝茶，一边看黄梅戏。,全年 全天开放,https://dimg04.c-ctrip.com/images/0104h1200082kr8qd5929_D_521_391.jpg,0,
27,龙川风景区5A,宣城市绩溪县龙川镇龙川村,4.3,6.1,龙川，又名坑口，位于绩溪县以东11公里处，是座典型的徽派村落，村庄呈南北走向的船形。村中聚居胡氏家族，开宗始祖可追溯至东晋散骑常侍胡焱，历代人杰辈出。龙川虽属宣城，但离宣城远，离黄山市区近，约70公里，所以还是从黄山市区出发比较方便。村中有小溪横穿，马头墙下是临溪伸出的美人靠，石头台阶一直延伸进溪里，村妇依旧在溪水里洗衣服，岁月在这里流淌得很慢。村南的看点在于奕世尚书坊，它是建于明嘉靖四十一年（公元1562年）的正宗古物，除却牌坊上精美的石雕，文徵明手迹“奕世尚书”和“奕世宫保”弥足珍贵。和奕世尚书坊隔溪相望的是为明代副都御史胡宗明而建的都宪坊。村北的看点胡氏宗祠是全村的精华所在，始建于宋，明嘉靖年间胡宗宪大修该祠，建筑上的木雕非常精美。正厅一扇扇门窗上的荷花，正厅上首一扇扇门窗上的鹿，以及后进门窗上的各个花瓶，都无一雷同，仔细看有一扇门窗的荷花下还躲藏着螃蟹，寓意“和谐”。更有意思的是，胡氏宗祠的旁厅里有一丁氏宗祠，据说因为龙川像船，而“丁”字像铁锚，船有了锚才能在港口停靠，于是特意从外村请来一位丁姓到这里定居。村中其他还可以参观下灵山庵、介绍胡宗宪身平的胡宗宪少保府纪念馆等景点，村子不大，转一圈基本景点都能玩到。村子东北首的龙须山可以爬，每年4月，来龙川可赏油菜花。距龙川风景区仅200米的胡宗宪尚书府不属于景区，需另付门票，但非常值得过去一观。尚书府极其庞大宏伟，鼎盛时曾七世同堂，宅子里犹如迷宫，绣楼、戏园、私塾、医馆一应俱全，胡宗宪家族在过去足不出户就能上私塾、看大戏、请郎中……位于龙川东北的太极湖村也是可一并游览的景点，以砖雕门楼著称，在龙川可坐当地人的小客车前往。龙川开发得比较成熟，村内商铺、农家乐都有。可以在村中的小餐馆品尝下当地美食，比如胡氏一品锅，铁锅中铺一层肉、一层豆腐包、一层鸭肉等等，层数越多越好，温火炖熟后烂而不化，还有竹笋、绩溪火腿都很棒，小商贩售卖的木槌糖、烧饼则可以买来边逛边吃。若要买纪念品，龙川竹刻还不错。村中有农家乐能住宿，但是在村中留宿的游客不多，回到绩溪县住也是可以的。,全年 08:00-17:20开放，（节假日延长）景区营业时间仅供参考，现场以景区实际营业时间为准！,https://dimg04.c-ctrip.com/images/0106a1200087ds0nx79E9_D_521_391.jpg,0,
28,武夷山国家公园5A,南平市武夷山国家旅游度假区,4.6,8.1,武夷山拥有世界自然遗产和世界文化遗产双重头衔，分为武夷山自然保护区及武夷山风景名胜区。现在游客所参观的武夷山山水，是集中在崇阳西西侧到新村一带的武夷山风景名胜区。而自然保护区为了保护生态环境，自2010年起，不再对公众开放。武夷山可以分为天游峰至桃源洞、九曲溪至武夷宫、一线天至虎啸岩、大红袍至水帘洞四个片区。景区的景点比较分散，东边一个、西边一个，不像其他旅游景点那样能一次性走完，所以在此游玩一般都需要2-3天。如果你只有一天时间，一般来说，居高临下的天游峰和每一段都是风景的九曲溪是理想的路线选择。对爱茶的人而言，走大红袍至水帘洞的茶田步道，闻着满谷的茶香，也别有趣味。如果你有二天时间，那么基本可以游遍四大片区。你可以先坐九曲溪漂流，竹筏的终点就是是武夷宫，然后接着游览水帘洞、大红袍景区。水帘洞和大红袍景区是连在一起的，中间相连的步行道景色很不错，而且比较平坦也很好走。第二天游览武夷山的南线，这里有天游峰、一线天、虎啸岩等景点。上午可以先玩天游峰的片区，，下午则可以游玩一线天+虎啸岩，从一线天出来直接就是虎啸岩了。如果你时间充裕，可以有三天空闲，那么除了武夷山风景区的四大片区，你还可以探访下如下梅村、城村这样的古村古城。关于住宿武夷山建有各类宾馆、酒店、青年旅社、民宿。但总的来说，还是以小型酒店为主。价格根据档次不同不等。关于用餐武夷山常见的小吃是扁肉和越南粉，特色的菜色有岚谷熏鹅、蛇宴、高山笋、菌等，味道都很不错，值得品尝。,03/01-10/31 06:30-18:00开放;11/01-02/28 07:00-17:00开放,https://dimg04.c-ctrip.com/images/0106k1200087dn6ma7C46_D_521_391.jpg,0,
29,鼓浪屿5A,福建省厦门市思明区,4.4,8.8,鼓浪屿是一个宁静美丽的小岛，凭借其独特的景色，已然成为厦门名副其实的旅游名片。岛上有日光岩、菽庄花园、风琴博物馆等景点，在日光岩内，可以俯视全岛，将景色尽收眼底。除此之外，鼓浪屿上还有闽南建筑风格的海天堂构、中完合壁的八卦楼以及19世纪欧陆风格的国家领事馆，因为这些多种风格的建筑，所以又有万国建筑博览之称。鼓浪屿有许多小资的店铺，装修的很文艺范儿，非常适合拍照。,"全年 全天开放，（1）日间航线：进岛航班运营时间为8:10-17:30，每小时逢10分、30分开船；出岛航班运营时间为7:40-17：40，逢整点、40分开船。
（2）夜间航线：三丘田码头出岛航班运营时间为18:00-24:00。00:00-5：00期间，游客如需出岛请从钢琴码头返程至轮渡码头（整点发船）；5:30-7:00期间，请从三丘田码头返程至轮渡码头（航班不变，具体详见轮渡公司官网...",https://dimg04.c-ctrip.com/images/100w1f000001gwb0k4589_D_521_391.jpg,0,
30,三坊七巷5A,福建省福州市鼓楼区南后街139号,4.6,7.6,"""三坊七巷""地处福州市中心，是南后街两旁从北到南依次排列的十条坊巷的概称。""三坊""是：衣锦坊、文儒坊、光禄坊。""七巷""是：杨桥巷、郎官巷、安民巷、黄巷、塔巷、宫巷、吉庇巷。""谁知五柳孤松客，却住三坊七巷间""，这是一整片的古民居，它从明朝开始初建，经过明清两代数百年的历史，大部分建筑仍保存完好，街区里面有许多名人故居，还有个民俗博物馆。俗话说，要了解一座城市并不一定要走遍这座城市的大街小巷，可以选择一条老街，慢慢悠悠地行走其间，走过三坊七巷的同时，你也走近了福州。",全年 全天开放,https://dimg04.c-ctrip.com/images/0103q12000aoh72b2D3E9_D_521_391.jpg,0,
31,福建土楼(永定)景区5A,福建省龙岩市永定区湖坑镇洪坑村,4.4,7.6,永定土楼包含福建土楼王子景区、福建土楼王景区、初溪土楼古村落景区、中川古村落等土楼群。福建土楼王子景区系世界文化遗产地、国家AAAAA级旅游景区，是极具特色的土楼村落，被誉为中国美丽的乡村。现存造型各异的土楼120余座，其中具有代表性的是富丽堂皇、中西合璧的“土楼王子”——振成楼，有“小布达拉宫”之称的宫殿式土楼——奎聚楼，经典的五凤式土楼——福裕楼，宛如米升的小圆土楼——如升楼等，均是众多土楼中的精品。景区内有夯筑土楼、十番音乐、提线木偶、客家婚庆表演等丰富多彩的体验项目。地点：福建省龙岩市永定区湖坑镇洪坑村。福建土楼王景区系世界文化遗产地，位于永定区高头乡。景区内地标性建筑——承启楼，始建于明崇祯年间，以环数多、规模大而著称，鼎盛时期居住800余人。1981年被收入中国名胜辞典，获得“土楼王”称号，与北京天坛、敦煌莫高窟等中国名胜一齐竞放异彩，是早前引起建筑专家关注的客家土楼。1986年中国邮电部发行的福建民居邮票就是以承启楼为图案。景区中除承启楼外，还有侨福楼、世泽楼及五云楼等均被列入《世界遗产名录》。地点：福建省龙岩市永定区高头乡高北村。初溪土楼古村落景区系世界文化遗产地，是福建土楼中气势磅礴的土楼群，拥有5座圆楼和31座方楼。景区不仅规模宏大，还具备了“集中、美丽、古老、特殊、知名”的特点，是文化休闲体验的旅游目的地。全国重点文物保护单位“集庆楼”是福建土楼中历史悠久、结构特殊的圆土楼。全楼建筑时没用一枚铁钉，72道楼梯与厚度近2米的生土墙共同经历了600多年的风霜雪雨。地点：福建省龙岩市永定区下洋镇初溪村。中川古村落创造了被史学家、作家称为令人不可思议的“中川文化现象”，并被誉为“天下第一侨乡”、“文武世家”著名爱国侨领、万金油大王胡文虎先生故居就是此地。景区代表性建筑有胡文虎纪念馆——虎豹别墅、闽西第一美塔——虎豹塔、客家宝地——胡氏家庙、胡文虎故居，以及“富”字造型的富紫楼等土楼奇观。地点：福建省龙岩市永定区下洋镇中川村。,全年 08:30-21:00开放,https://dimg04.c-ctrip.com/images/0102p1200082e5mei9497_D_521_391.jpg,0,
32,福建土楼(南靖)景区5A,福建省漳州市南靖县书芦线,4.3,7.6,暂无简介,全年 08:30-17:00开放,https://dimg04.c-ctrip.com/images/0103m12000f6q8fq67183_D_521_391.jpg,0,
33,平潭岛,福州市平潭县环岛东路辅路,4.7,8.2,平潭岛亦称海坛岛，位于福州市平潭县境内。该岛为我国第五大岛，岛上时常“东来岚气弥漫”，别称“东岚”。全岛海岸蜿蜒曲折，岸线长达四百多公里，为优质海沙滩。岛上有三十六脚湖、石牌洋礁、仙人井、一片瓦、壳丘头遗址等名胜古迹，还有龙凤头度假村、坛南湾海滨浴场等休闲场所，是滨海旅游度假胜地。平潭岛北、东、南三面有长江澳、海坛湾、坛南湾三大海滨沙滩，沙质细白，海水清澈湛蓝，相互连接，背后有葱郁的防护林带，海上有岛屿岩礁，景色十分宜人。,全年 全天开放,https://dimg04.c-ctrip.com/images/0106x12000h867oop13E4_D_521_391.jpg,0,
34,北岐滩涂,宁德市霞浦县北岐村,4.2,5.7,霞浦县松港街道北岐村海边风光如画，影友如织。霞浦滩涂风光旖旎，成为22大摄影地之一，每年前来拍摄滩涂风光的国内外影友多达20多万人次。每当北岐紫菜生产的繁忙季节，滩涂上万根竹竿插成一块块方形的网框，由远及近，绵延数十里，蔚为大观。清晨六点左右，一轮火球从海面上喷薄而出，瞬间，大海像镀上了一层金色霞衣，上百米的山道上，摄影师们屏住了呼吸，“咔嚓、咔嚓”声响成一片，紫菜在丝网上挂着一条条色带，红的，黑的，紫的，宛如一幅没有经过修饰的水墨画，被收入一个个镜头，被曝光在一张张彩色胶片上。,全年 全天开放，具体营业状态以当天开放情况为准,https://dimg04.c-ctrip.com/images/100110000000pngzbD135_D_521_391.jpg,0,
35,厦门大学,福建省厦门市思明区思明南路422号,4.6,7.7,暂无简介,全年 全天开放,https://dimg04.c-ctrip.com/images/0103m120006pd9bte2D5C_D_521_391.jpg,0,
36,福州国家森林公园4A,福州市晋安区新店镇上赤桥,4.7,5.1,福州国家森林公园，又名福州植物园，是全国十大森林公园之一。它位于福州北郊新店镇赤桥村。福州国家森林公园的规模很大，整个公园共分六大区域（游览区）：竹类观赏园、树木观赏区、人文景观区、以自然景观为主的龙潭风景区、福建森林博物馆和鸟语林。在一个公园里面特意找景点就显得没有那么必要了，这里非常适合爬山休闲。森林公园里面的植被丰富，氧气充足，是福州的天然氧吧。人气高的时候当属春季，每年的樱花季，公园里面花开遍野，有很多不同品种的樱花、梨花、桃花，很是美丽。踏青赏花、呼吸新鲜空气，再好不过了。爬山主要在公园的龙潭风景区，登山道蜿蜒于景区的山岭之间，起于荔枝园，终于龙潭瀑布，全长5.2公里，强度不大，完全不用担心体力问题。另外，沿着林荫大道往里面走，在八一七水库旁边有一株千年榕树，值得一看。,全年 06:00-17:30开放，具体营业状态以当天开放情况为准,https://dimg04.c-ctrip.com/images/0102p120005u5o5no2D27_D_521_391.jpg,0,
37,张家界国家森林公园5A,张家界市武陵源区金鞭路279号,4.5,9.2,张家界国家森林公园，分为黄石寨、金鞭溪、袁家界、杨家界、天子山和索溪峪等区域，是游玩张家界不可不去的核心景点。三千多座造型奇异的山峰拔地而起，满目青翠。峰谷间云雾缭绕，随处可见飞瀑溪水，风光美不胜收。电影《阿凡达》中的悬浮山“哈利路亚山”也曾在此取景，相信影迷们一定不会对这里陌生。张家界的江湖名号张家界的江湖名号太多，这让很多驴友经常混淆。游玩之前，一定要先弄清楚这些景区与景点之间的关系。张家界是湖南省辖地级市，也是国内热门旅游城市。市内景区包括张家界国家森林公园、天门山国家森林公园、张家界大峡谷等。而大多数人来到张家界，都是为了游览张家界的核心景区——张家界国家森林公园。张家界国家森林公园和武陵源风景名胜区其实是同一片景区，同一张门票，只是叫法不一样。景区共有五个门票站，其中武陵源门票站和森林公园门票站是两个主要入口。景区精彩看点袁家界是电影《阿凡达》中“哈利路亚山”的取景地，你可以在这里探寻电影中群山漂浮、星罗棋布的魔幻世界。如果碰巧山中下起了小雨，或是等到雨后初晴，更能欣赏到雾气弥漫、群峰叠嶂的美景。迷魂台是理想的观景位置，站在台上，四周有上百座石峰矗立，气势磅礴。这里还能看到横跨于两山之间，垂直高差357米的天下第一桥。游览天子山，你将看到御笔峰、仙女献花、点将台、空中田园、仙人桥等各种造型奇异的地质景观和奇形山峰。不必太在意这些自然造型的像与不像，因为“原始风光自然美”，才是天子山的迷人之处。特别是在雨过初晴之后的朦胧大雾中，仿佛置身于仙境中。等到入冬山中银装素裹，景色更为迷人。“不登黄石寨，枉到张家界”，黄石寨是张家界森林公园内观景台，周围悬崖绝壁，绿树丛生，寨顶经常云雾漫漫。登上黄石寨寨顶，环顾四周，可以体验一下“一览众山小”的豪情。杨家界主要以原始风光自然美为主，山高路窄，以“险”著称，深受背包客和探险者的喜爱。景区内的乌龙寨是张家界里非常神奇的地方，以前湘西土匪住在这里，后来根据电视剧《乌龙山剿匪记》而更名。山寨依山而建，上下山还有一条路，需要手脚并用才能爬到山顶。索溪峪也叫索溪，因为景区内的溪水形状像绳索而得名。不像森林公园的其它地方那么险峻，这里常年云雾缭绕，清澈的溪水四季奔流不断，处处可见清秀的山峰。十里画廊是索溪峪的精华景点，长达5公里的峡谷中，野花飘香，奇峰异石。穿行其间就像走入了一幅自然山水画卷。金鞭溪峡谷是景区中开发最早的区域...,全年 07:00-17:00开放,https://dimg04.c-ctrip.com/images/100f12000000sdjk60D61_D_521_391.jpg,0,
38,岳阳楼5A,岳阳市岳阳楼区洞庭北路,4.6,8.1,“先天下之忧而忧，后天下之乐而乐”，北宋范仲淹的名作《岳阳楼记》抒发了中国传统知识分子忧国忧民的情怀，也让这座洞庭湖畔的名楼成为了一个家喻户晓的地方。历代还有孟浩然、李白、杜甫、韩愈、白居易等文人墨客来到这里留下了很多佳作。如今，当你登上三层高楼顶，凭栏眺望，眼前是烟波浩渺的八百里洞庭湖水，耳边不由自主的回荡起那些千古佳句。岳阳楼位于岳阳市西门城头、紧靠洞庭湖畔，与江西南昌的滕王阁、湖北武汉的黄鹤楼并称为江南三大名楼。除了登楼遥望思古，岳阳楼的独特建筑构造也非常值得一看。全楼没有用一根铁钉和一道横梁，楼顶形式也非常独特，采用了古代将军头盔式的顶式结构，这种层叠相衬的“如意斗拱”托举形式，在我国古代建筑史上也是很独特的。在岳阳楼景区内，还设有一些小景点。在靠近大门的五朝楼观处，展示了唐宋元明清五个朝代的岳阳楼体模型；在楼下的沙滩上，有三具枷锁形状的铁制物品，重达1500斤，它的由来和用途，至今说法不一。在景区内还设有码头，你可以在码头乘船到对面的君山岛。岳阳楼距离巴陵广场不远，可以一并游玩。附近的汴河街，是岳阳市的一条旅游仿古街，街上有不少当地小吃和销售旅游纪念品的商铺。,全年 07:30-18:00开放,https://dimg04.c-ctrip.com/images/01043120006efsrbuCCC6_D_521_391.jpg,0,
39,橘子洲5A,湖南省长沙市岳麓区橘子洲头2号,4.6,8.8,橘子洲是湘江名洲，由南至北，纵贯江心，西瞻岳麓，东临古城。橘子洲景区是全国文明风景旅游区示范点、全国首批“红色旅游”经 典景点之一，省级文明单位、湖南百景单位、潇湘八景之一、长沙“山、水、洲、城”旅游格局的核心要素。景区原面积约17公顷，其中开放区面积约6公顷，主要景点有洲头颂橘亭、汉白玉诗词碑、铜像广场、藤架广场、揽岳亭、枕江亭、盆景园、大门广场等。新景区景点建设紧紧围绕“生态、文化、旅游”这一主题，充分利用、保留和保护建筑，进一步突出历史文化特色，积极营造出“红色旅游”的浓厚气氛，把历史背景、特色园林和人文景观相结合，突出人与自然的和谐。新景区建设的主要景点有：问天台、洲头广场、百亩桔园、文化园、橘洲客栈、湖湘文化陈列展览馆、潇湘名人会所、朱张古渡、竹园、桃园、梅园、桂园、新诗词碑、门区广场、百米高喷、焰火广场及音乐喷泉、游客服务中心等。,01/01-10/19 07:00-22:00开放;10/21-12/31 07:00-22:00开放;10/20 11:00-22:00开放，烟花燃放当天下午16:00禁止入园；节假日开放时间以当天公告为准（仅供参考，具体以景区实际为准）,https://dimg04.c-ctrip.com/images/0103o120005pr19sjA7F7_D_521_391.jpg,0,
40,岳麓山5A,湖南省长沙市岳麓区登高路58号,4.6,7.9,湘江西岸的岳麓山，是长沙的地标，这里古迹众多，有岳麓书院、爱晚亭等。景区有南大门和东大门（也称北大门）两个入口。大部分人文景点靠近南大门，其中包括山脚下的岳麓书院、清风峡中的爱晚亭、距今已有1700多年的历史的古麓山寺以及位于山顶的云麓道宫。此外山中还有黄兴、陈天华、蔡锷等革命先烈的墓地。景区的东大门，靠近索道的下站，索道的上站是景区的南泥湾山庄，附近有禹王碑、蟒蛇洞等景点。岳麓山还是一个巨大的“植物博物馆”。有晋朝罗汉松、唐代银杏、宋元香樟、明清枫栗等古树名木。,07/13-10/31 03:00-22:00开放;11/01-07/12 06:00-22:00开放，凌晨3:00—6:00上山观看日出的游客请统一从东门进入景区,https://dimg04.c-ctrip.com/images/0100612000fa8yvrk1F21_D_521_391.jpg,0,
41,杜甫江阁,长沙市天心区湘江中路108号,4.6,8.7,这是一座临江建筑，是为了纪念唐代大诗人杜甫而建的仿古建筑。因为靠近湘江，非常适合观看橘子洲的焰火表演。如今杜甫江阁是当地的标志性建筑，来这里登高远眺湘江两岸，喝喝茶，吹吹江风，很惬意。杜甫江阁内有大诗人的生平介绍，每当夏季周末放焰火时，前来观看的游人会增加很多，需要提前来才能占据一个好位置。,01/01-01/30 09:00-22:00开放;02/05-12/31 09:00-22:00开放;01/31-02/04 11:00-21:30开放,https://dimg04.c-ctrip.com/images/0105h1200087ee8zuF875_D_521_391.jpg,0,
42,凤凰磁浮观光快线,湖南省湘西土家苗族自治州凤凰县内,4.3,6.7,暂无简介,全年 09:00-21:00开放，全天行车间隔23分钟，仅供参考。,https://dimg04.c-ctrip.com/images/0102u12000f6q8gxv829D_D_521_391.jpg,0,
43,南岳衡山风景名胜区5A,湖南省衡阳市南岳区南岳镇,4.4,8,南岳衡山风景名胜区位于衡阳市南岳区境内，高峰是海拔约1300米的祝融峰。在“五岳”中，衡山的地理位置靠南，相比较气候条件好，使得山中一年四季都是满目苍翠，树木茂盛，有着“五岳独秀”的美称。而在中国脍炙人口的成语“寿比南山”中的南山，指的就是衡山。南岳衡山风景名胜区主要有中心景区和其他个别小景点组成，大部分游客所说的“衡山”就是指的中心景区。在衡山山脚下南岳镇上的“南岳大庙”是除了中心景区外重要的景点，它是我国南方超大的宫殿式古建筑群，每年都有盛大庙会，一般游客都会将中心景区和南岳大庙一并游玩。衡山是汉传佛教圣地，南宗的“南岳派”在这里开派，其法脉演绎出沩仰宗、临济宗而传遍海内外。此外，这里还是南中国的抗战圣地。香炉峰下“南岳忠烈祠”，祭奠、埋葬着在抗战正面战场中阵亡的中国军人。游览中心景区你可以选择全程步行，或者步行与环保车（含索道）相结合的方式，对于大部分普通游客，建议选择后者，这样会有更多的精力去欣赏山中的美景和体验南岳的文化内涵。线路推荐如果你选择步行与环保车（含索道）的方式，那么一天内游览衡山，并不是一件十分吃力的事情。你可以先游览南岳镇上的“南岳大庙”后，再购票进入中心景区，基本线路：忠烈祠-半山亭-麻姑仙境-磨镜台-福严寺-南天门-祝融峰。如果你时间比较宽裕，那么用两天的时间游玩衡山，那会有更多的收获。大致线路如同上面的“一日游”，由于时间充足，你可以在游览完福严寺后，再去藏经殿待一会，那里幽静之极。晚上可以住宿在上封寺附近，便于第二天凌晨前往“望日台”看日出。,全年 全天开放，受天气影响，开放时间和区域会根据现场情况调整，以上信息仅供参考，具体请以当天现场为准，谢谢,https://dimg04.c-ctrip.com/images/100i1f000001gp21nFB87_D_521_391.jpg,0,
44,滴水洞,湘潭市韶山市中国韶山风景名胜区内,0,6.1,暂无简介,4/21-10/10 07:30-18:00开放;10/11-4/20 08:00-17:30开放,https://dimg04.c-ctrip.com/images/1me4512000ehvyait649C_D_521_391.jpg,0,
45,炎帝陵5A,株洲市炎陵县鹿原镇鹿原陂,4.2,6,暂无简介,全年 08:00-17:00开放;全年 08:00-17:30开放,https://dimg04.c-ctrip.com/images/100h1f000001grw9fB488_D_521_391.jpg,0,
46,南岳大庙,衡阳市南岳区北支街2号,4.6,6.9,南岳大庙位于衡阳市南岳区（原南岳镇）衡山脚下，始建于唐代，后历次修缮，现存建筑是清光绪八年（1882年）重修。大庙内主殿供奉着衡山山神——火神祝融，传说中是“黄帝”手下一名管火的官员，主管南方事务，火神住在衡山，死后葬于衡山。宋大中祥符四年（1011年）起，“火神祝融”被加封为“南岳司天昭圣帝”，南岳大庙的建筑形制也升格为帝王级别。这里也是中国江南大型的古建筑群。南岳大庙除了中轴线上的主要建筑外，在大庙的东、西两侧分别有八个道观和八个佛寺，对应了道教的“紫气东来”和佛教的“极乐”的规制，佛道共存，同在一座寺院修行，非常少见。各道观和寺庙的规模都很小，游览南岳大庙主要以中轴线上的主要建筑为主。当你站在“大庙”前，可以看到名为“棂星门”的正门，以“棂星”命名，意思是人才辈出，用“棂星”冠以庙门的，只有孔庙和这里等不多的几处。棂星门之后是“奎星阁”，道教中“奎星”能主管文人学士的命运，如今很多父母会带着子女到这里祈拜学业有成。沿着中轴线可以来到第二院落，院落东边是“文昌殿”，通东侧的八个道观；西边是“六寺同门”，通大庙西侧的八个佛寺。在这个院落里你还能看到一个石碑，石碑上刻着康熙皇帝撰写的的《重修南岳庙碑记》。南岳大庙的核心建筑是中轴线上的正殿，殿内就供奉着“火神祝融”，也叫“圣帝殿”。殿前有广场，是用于酬神演戏和朝拜敬香的地方。传说“南岳圣帝”（火神祝融）历来有求必应，非常灵验，因此这里的香火十分旺盛。特别是在农历的七、八、九月份和宗教节日的时候，众多的信徒都会来这里焚香祈祷，僧人道士也来此讲经，届时正殿前热闹非凡。此外，在大庙中游览时还能看到各殿内供奉着的各种神灵，如财神殿内的武财神赵公明。文珠殿内供奉的文珠菩萨等等，有兴趣的话，可以一一拜过。,05/01-10/31 07:00-17:30开放;11/01-04/30 08:00-17:30开放;国庆节 06:30-18:00开放,https://dimg04.c-ctrip.com/images/0102j1200087cpyqf46FC_D_521_391.jpg,0,
47,龙门石窟5A,河南省洛阳市洛龙区龙门中街13号,4.7,9.1,龙门石窟位列世界文化遗产名录，是河南洛阳的景点。以伊河为界，石窟分为西山和东山两部分，东山石窟多是唐代作品，而西山石窟开凿于北朝和隋唐时期，是龙门精华的部分，包括奉先寺的卢舍那佛像和古阳洞中的“龙门二十品”。去龙门石窟的N个理由1.打卡世界文化遗产作为世界文化遗产的龙门石窟，历史悠久，文化底蕴深厚。自北魏孝文帝迁都洛阳，在龙门西山开凿古阳洞开始，经历400余年的光阴，7个朝代的不断营建，才形成了如今我们看到的如史诗般恢弘的摩崖群雕——龙门石窟。龙门石窟现存窟龛2345个，碑刻题记2800余品，佛塔70多座，造像10余万尊。踏入龙门，你将置身一座千年的艺术宝库，美轮美奂的雕刻艺术，震撼你的心灵，给你一场视觉盛宴。2.从佛教石窟雕塑看信仰的力量石窟雕塑是佛教艺术中珍贵的遗存，龙门石窟内一尊尊慈悲亲切、仪态万千的佛菩萨雕塑，在信仰者的虔诚礼拜中，在工匠们的巧夺天工中，把冰冷的石窟渲染成庄严肃穆而又温暖宁静的圣殿，给信众们带来了通往佛国净土世界的希望3.为家人朋友祈福平安龙门石窟自古以来便是祈福圣地，无论是皇亲国戚，还是黎民百姓，都在龙门石窟祈福宏愿。面对这两山十万尊灵佛，宁心静气，虔诚祈福，也许在不远的将来，美好的愿望就会实现。4.纵情山水美景之间“龙门山色”自古即为洛阳八景之首，白居易曾说：“洛阳四塞山水之胜，龙门首焉”。这里山清水秀，松柏苍翠。两山之间，伊河碧波荡漾，绸缎般的水面荡起层层波纹，美不胜收。旅行干货龙门石窟整个景区规划好了固定的游览路线，从西山石窟-东山石窟-香山寺-白园，顺着一个方向，大概花半天的时间就能游览完。不用来回折返走冤枉路，也不会迷路。西山石窟开凿于北朝和隋唐时期，是龙门石窟精华和完整的部分。其中知名的就是奉先寺的卢舍那佛像和古阳洞中的“龙门二十品”。卢舍那佛像据说是按照武则天的形象塑造的，有17米多高。万佛洞内南北两侧雕刻有整齐排列的一万五千尊小佛，密密麻麻的佛像每个大约一只拳头大小，形态逼真。从西山石窟出来，经过一座横跨伊河的桥，就可以抵达东边的东山石窟。站在桥上，遥望远处的龙门大桥，欣赏东西两岸石窟是个不错的主意。除此之外，在景区的奉先寺码头和礼佛台码头都可以乘坐游船，泛舟碧波之上，两岸风光尽收眼底。相比西山石窟，东山石窟的规模稍显逊色，游客也比较少。如果走完西山石窟，已经感觉有点累了，这里粗略看看就好。从东山石窟可以从不同角度观...,全年 08:00-19:00开放,https://dimg04.c-ctrip.com/images/0102c12000f6sd1co8E56.png,0,
48,少林寺5A,河南省郑州市登封市G207嵩山少林风景区,4.4,8,都说“天下武功出少林”，别说从小深受少林功夫影响的国人，许多国际友人到了河南，也都会去少林寺看看。这里不仅是天下武林圣地，也是佛教禅宗祖庭。在少林寺摆几个经典武打造型留张影，江湖的刀光剑影似乎就在眼前闪过。关于少林寺的两个关键词1. 禅宗之祖少林寺是我国的佛教圣地，也是汉传佛教“禅宗”的祖庭。公元527年，印度名僧菩提达摩（达摩祖师）经水路航海至中国南部，然后北渡长江进入中原，来到少林，在少林寺后山一带坐禅传法，首倡“以心印心”的禅宗教法，并由此确立了少林寺禅宗祖庭的崇高地位。如今，很多游客都会来少林寺祈福求平安。2. 武术之源唐初“十三棍僧救驾李世民”后，少林寺因其精湛的“少林功夫”而名扬天下，自此少林僧众习武蔚然成风，代代相传。少林寺是少林功夫的发源地，而少林派则是武林中范围广、历史悠久、拳种很多的武术门派，自古就是国人心目中的“天下武林第一大门派”，天下武学的泰山北斗。塔林是少林寺历代住持僧的归葬地，清幽肃穆，也许你能从这儿找到电影《少林寺》的影子。旅行干货半日游：少林寺-塔林-初祖庵-达摩洞-少林寺武术馆表演少林寺建筑群主要包括三部分：常住院塔林、初祖庵、达摩洞。多数从洛阳或者郑州出发前往少林寺的游客，都会选择这条线路。少林寺的格局是典型的汉传寺庙风格，中轴对称，进入山门后一路向前走即可，寺内不大，一个小时可以结束游览。塔林位于少林寺以西约400米，是少林寺历代高僧圆寂之后的墓地。佛教有句话：“救人一命，胜造七级浮屠”，浮屠指的就是佛塔。在这里，你可以了解到少林寺历代高僧的生平。初祖庵和达摩洞也在少林寺附近，步行游览即可。初祖庵是宋代人为了纪念初祖达摩面壁而修建，而达摩洞正是达摩祖师面壁九年的地方。一日游：少林寺-塔林-三皇寨上午按照半日游的行程，先游览少林寺，再前往塔林，距离塔林约5分钟步行距离的地方就是“少林索道”。乘坐索道到达三皇寨站后，步行约30分钟，可以到达三皇寨景区的入口。游玩三皇寨景区至少需要3-4个小时的时间，景区内有很多奇特的地质景观，三皇寨悬空栈道更是不容错过。走在悬崖栈道上，一边是高耸的峭壁，一边是万丈悬崖，对身心都是极大的考验。两日游：少林寺-嵩阳景区-中岳景区少林寺与嵩阳书院、中岳嵩山同在登封市境内，时间充裕的游客可以购买三地的联票，分两天的时间来游玩。第一天去少林景区，晚上观看《禅宗少林音乐大典》实景剧演出，第二天前往距离...,全年 07:00-17:00开放,https://dimg04.c-ctrip.com/images/010191200087d7pid1736_D_521_391.jpg,0,
49,曹操公园,安徽省亳州市谯城区芍花路179号南侧,4.3,3.4,曹氏公园也叫曹操公园，公园的建筑多为仿古建筑，园内有曹氏家族的墓群，建有碑林、碑廊，有很多人来此吊念。,全年 10:00-21:00开放，具体营业状态以当天开放情况为准,https://dimg04.c-ctrip.com/images/0102g12000f6tds8r0E39.png,0,
50,开封府4A,河南省开封市鼓楼区包公东湖北岸,4.4,7.7,北宋时期的开封府，包拯包青天曾经做过开封府府尹。宋代的开封府，早已被水患冲毁，如今游客看到的开封府，是近年重建的人造仿古景点。开封府的府门朝南，游客从这里进入景区开始游览。景区以正厅、议事厅、梅花堂等建筑为中轴线，两旁是天庆观、明礼院、潜龙宫、清心楼、牢狱、英武楼、寅宾馆等大小殿堂。每座殿堂的规模都不大，游客可以根据景区示意图，游览完中轴线上的景点后，再去两旁的一些景点游玩。游客在中轴线上的正厅和议事厅等处，可以看到北宋时期的府衙内部场景；而在景区北部的梅华堂内，有仿造当时包公“倒坐南衙”审案的场景，里面还有包公审案的蜡像；在府门以西处，设有典狱房、狱神庙、死牢、男女牢房等景观，按北宋时期的状况，分别布置有雕塑、刑具以及各种反映当时狱政、狱务情况的场景；在中轴线以东的潜龙殿和清心楼内，游客可以看到宋太宗、宋钦宗、宋真宗三位皇帝的塑像，还有北宋时期历代开封府尹的生平介绍。游客在景区内游玩时，还能观看到很多仿古的表演，如：《开衙仪式》、《包公断案》等。,全年 07:30-19:00开放;全年 07:00-18:30开放;全年 07:30-19:00开放,https://dimg04.c-ctrip.com/images/100e12000000si7a404F0_D_521_391.jpg,0,
51,河南博物院,郑州市金水区农业路8号,4.8,7.6,"【河南博物院简介】河南博物院创建于1927年，是我国成立较早的博物馆之一。本馆坐落于河南省郑州市农业路中段，院区占地面积126亩，建筑面积5.5万平方米。河南博物院现有馆藏文物17万余件(套)，尤以史前文物、商周青铜器、历代陶瓷器、玉器及石刻具有特色。精品文物数量多、种类全、品位高、价值大，是见证中华文明发展轨迹，展示中国历史发展脉络的文化艺术宝库。现开放有基本陈列展《泱泱华夏
择中建都》和专题陈列《明清河南》《中原古代石刻艺术展》《丹淅吉金——中原楚国青铜艺术》《巧工遗珍——院藏明清珍宝展》及《国宝特展》等，与展览相配套的“社会教育体验厅”和“华夏古乐厅”也开放使用。河南博物院以“发扬固有文化、提倡学术研究、增长民众知识、促进社会文明”为建院宗旨，精心打造公益文化服务品牌，是领略中原文化、黄河文化、华夏文脉的重要窗口，是弘扬核心价值观的重要阵地，是增进文化交流合作的重要平台
。【现有展览讲解 】基本陈列《泱泱华夏
择中建都》基本陈列“泱泱华夏
择中建都”，以中原的建都历史为主线，以中原文明发展历史为纲，以世界文明背景为参照，整合河南地区的文物优势，抓住中原古代发展中的闪光点，展示华夏民族的文明发展轨迹，再现中原文化的悠久与辉煌，以及中原文化的影响力与辐射力。同时在全球化视域下，展现中原文化与其他地区文化的异同，展开黄河文明与其他文明的对话。基本陈列位于主展馆1、2、3层，共分10个展厅，由新石器时代、夏商、西周、东周、秦汉魏晋南北朝、隋唐、宋金元七部分组成，围绕各个历史时期中原都城文化以及都城中的人文生活进行解读。【华夏古乐演出】河南地处中原，自古为礼乐之邦，音乐文化发展得天独厚。八千年前的贾湖骨笛，夏商周时期的钟鼓磬瑟、管箫琴笙，汉唐时期乐舞百戏、燕乐大曲中原的古代音乐仿若一条历史的长河，奔腾不息，波澜壮阔。河南博物院华夏古乐团自2000年成立以来，对中原音乐文物进行复原研究，对古代乐谱、服饰以及演出场景进行复原和重构，推出不同主题的音乐会，深受海内外观众的好评。千年古乐，薪火相传，华夏古乐团正奏响着中华民族生生不息的心灵之声……演出时间：每周二至周日，每天两场，演出时间分别是11:00和16:00，每场演出时长30分钟左右。演出地点：河南博物院主展馆一楼西侧
华夏古乐厅购票方式：通过河南博物院微信公众号进入“我要预约”-“华夏古乐厅”进行购票【河南博物...",01/01-01/27 周二-周日 09:00-17:00开放;02/05-12/31 周二-周日 09:00-17:00开放;01/01-01/27 周一 全天不开放;02/05-12/31 周一 全天不开放;01/29-02/04 09:00-18:00开放;01/28 09:00-17:00开放,https://dimg04.c-ctrip.com/images/350r160000010oixgB0CC.png,0,
52,潭瀑峡,焦作市修武县云台山景区,4.6,4,潭瀑峡（又名小寨沟）是云台山峡谷极品的主要代表，处于云台山北部略偏西，是主要河流子房河的一个源头。谷内风光怡人，宛若江南。“三步一泉、五步一瀑、十步一潭”是潭瀑峡秀美风光的真实写照。在这里可以欣赏到耳鬓厮磨，切切私语的情人瀑；四季长流，珠帘高挂的水帘洞；五谷丰登，六畜兴旺的丰收图；还有龙凤呈祥的龙凤壁，宛若仙子的蝴蝶石，石砚磨穿的洗砚池。经专家考证，潭瀑峡内的不老泉集太行山夏雨冬雪，渗漏流动五十余公里，是不可多得的优质矿泉水。,全年 全天开放，具体营业状态以当天开放情况为准。,https://dimg04.c-ctrip.com/images/100ahk1439gjtasioB323_D_521_391.jpg,0,
53,鸡公山景区5A,河南省信阳市浉河区107国道,4.2,6.3,鸡公山因为山势宛如一只昂首展翅、引颈啼鸣的雄鸡而得名。这里是我国南方和北方的天然分界线，有“青分楚豫”之称。而对于普通游客来说，这里是一个登山运动、消暑度假的场所。鸡公山中处处都是奇峰怪石、瀑布溪流，你还有机会在这里看到佛光、云海、雾凇、雨凇等自然景观。此外，山中的人文景观也值得一看。鼎盛时期，这里共有英、美、法、俄、日等二十三余国各式楼宇三百余栋，寓居外侨二千多人，鸡公山也因此有着“万国建筑博物馆”的美称。如今，你可以来鸡公山好好看看这些隐匿于苍翠绿意中的异国老建筑、老别墅，寻味一番鸡公山当年的历史。山中还有一个防空洞——中正防空洞，整个防空洞全部是由钢筋混凝土构成的。防空洞分两层，外层有走廊、天窗、前后门，内层有会议室、书房、卫生间等，后有暗道，直通东南方的汇丰银行楼下。在山中狮子峰的南侧半山腰中，还有1019年建造的避暑山庄，山庄中有别是二十多幢。下午可以前往距离鸡公山15分钟车程的波尔登森林公园看看，这里虽然属于鸡公山外围景区，但也值得一去。 波尔登森林公园主要游览区域以木栈道、石子路和泥土小道连接，打造出一种完全天然的意趣，也极大的保护了自然环境。沿木栈迂回行走在大片笔直参天的落羽杉丛林中，感受着这些挺拔的植物遮天蔽日，把受污染的空气完全隔离在树冠之外，打造出一片鸟语虫鸣，完全私人的绿色世界，顿时有种爱丽丝梦游丛林仙境的错觉。,全年 全天开放,https://dimg04.c-ctrip.com/images/0105j12000f6q0sjm2356_D_521_391.jpg,0,
54,白云山5A,广东省广州市白云区同和街道广园中路801号,4.7,6.7,白云山是广州较为有名的踏青地，它由远近连绵的30多座山峰组成，在摩星岭主峰，可以从上往下俯览整个广州。每当暮春时节或是空山新雨之后，山峦间便可见白云缭绕，白云山也由此得名。花期时，白云山上花俏枝头，黄花风铃木、紫荆、木棉、杜鹃花、角茎野牡丹等竞相绽放，是为赏花胜地。目前白云山风景区从南至北（也就是从南门进风景区后，由下往上），共有7个游览区，依次是：麓湖游览区（主要景点为麓湖公园、星海园）、三台岭游览区（主要游览云台花园）、鸣春谷游览区（主要景点为鸣春谷、山顶公园，来这主要是观鸟）、摩星岭游览区（主要景点是白云山摩星岭和观景亭）、明珠楼游览区（主要看桃花涧和梅花谷）、飞鹅岭游览区（靠近北门，主要景点为雕塑公园）及荷依岭游览区（主要景点是云溪生态公园）。,全年 全天开放,https://dimg04.c-ctrip.com/images/0104p12000h188a0l3069_D_521_391.jpg,0,
55,南阳卧龙岗武侯祠4A,河南省南阳市卧龙区躬耕路与车站路交叉口,4.6,6.3,南阳卧龙岗起自嵩山止于白水，自北向南逶迤而来，如蜿蜒盘曲的虬龙而得名，是一座文脉之岗，以“一祠一岗”即“武侯祠”、“卧龙岗”为依托，依岗就势，自然天成。是为纪念三国时期著名的政治家、思想家、军事家诸葛亮而修建的大型祠堂建筑群，也是诸葛亮“躬耕南阳”的故址和刘备“三顾茅庐”、“草庐对策”故事的发生地。早在唐朝，南阳卧龙岗就已成为著名的人文景观，被后人誉为“天下第一岗”。武侯祠始建年代可上溯至魏晋时期，史上经过多次修茸扩建，现今基本上保持了元明的布局风格。景区内亭、台、楼、阁、廊、塔、桥等配合水、石、花、木、松、竹、岗及四百余通历代碑刻，如诗如画的景观，既有名相祠堂的庄严肃穆，又体现了浓厚的古典园林艺术。它融合了园林建筑、祠庙建筑和地方民居的风格，展现了高水平的建筑艺术。我们走近它，感受到的是有形、有声、有韵、有神的文化存在。,全年 08:30-18:00开放,https://dimg04.c-ctrip.com/images/0101n12000f6rce1yA1EE_D_521_391.jpg,0,
56,焦作影视城4A,河南省焦作市解放区普济路北端,4,4.5,焦作影视城，是中原地区有名的影视基地。影城依山傍水而建，以春秋战国、秦汉、三国时期的文化为背景修建了大批仿古建筑，有着气势磅礴的宫殿城门、古朴典雅的城墙浮雕、体现古代民俗风情的市井街区，充分体现了质朴的中原文化、展现了中原粗犷大气的文化底蕴。这里有着完善的拍摄设施，很多剧组都在这里留下了拍摄的足迹，影视城内曾拍摄过新版《水浒传》、新版《三国演义》、《大秦帝国》、《秦始皇》，电影《战国》、《刺客》等影视作品。影视城主要分为城门广场区、周王宫区、楚王宫区和市井区域等四个部分。城门广场区设有三皇像、四神兽、司母戊大方鼎、仿古舞台等，容纳着厚重的古文化。周王宫区包括周王宫、四不像雕塑、仿汉白玉石桥等，周王宫巍峨高大，有齐全的拍摄功能，同时让游客在游览的同时能够了解周王朝的精彩历史。楚王宫区浓缩了长江流域楚地的民俗风情，有楚国的图腾凤鸟图、凤鸟雕塑等，这里每天还会表演《荆轲刺秦》《霓裳羽衣》等剧目，十分值得一看。市井区由禹王庙和市井一条街组成，禹王庙是拍摄《东周列国》时纪念治水英雄大禹的祀庙，而市井街是一条先秦仿古一条街，市井街每天表演着《郑人买履》、《自相矛盾》、《画蛇添足》等历史剧目，这里也是购买纪念品集中的场所。,全年 08:00-18:30开放,https://dimg04.c-ctrip.com/images/100n1f000001gpe0r1674_D_521_391.jpg,0,
57,泰山风景区5A,山东省泰安市岱岳区红门路,4.6,8.5,泰山风景区位于泰安市泰山区。泰山自古以来便是我国有名的山峰之一，有五岳之首的美誉。泰山风景区以壮丽著称，山峰陡峭高耸，十分壮观，在山顶观看日出、晚霞等也十分绮丽。山间经常有云海出现，而冬天则有雾凇奇观，非常漂亮。除了自然风光外，山上还有众多的古迹、石刻、宗教庙宇等人文景观。春天可以看到山间的桃花和梨花，夏天山顶翠绿，而且由于山顶凉爽，所以这里还是有名的避暑胜地，而秋天山间的树叶红黄相间层林尽染，十分漂亮。泰山风景区面积很大，纵深约有几十公里。上山有几条登山步道，还有公路和索道纵横其间，可以结合徒步、乘坐旅游车、乘索道等方式游览。泰山风景区共有四个入口，分别为红门、天外村、天烛峰和桃花峪，每个入口均有一条路线通往山顶区域的岱顶旅游区。红门、天外村位于前山，一般常规的游览路线为红门或天外村上山，当天或第二天再从其他路线下山，为了不走回头路，大多游客会从桃花峪处下山，天烛峰因距离远且道路难行，多为户外背包客路线。红门入口的登山步道是秦始皇封禅时开通的步道。这条路线主要是石阶路，需要步行从红门到中天门，一路经过万仙楼、斗母宫、四槐树、回马岭、壶天阁等众多景点，也是泰山上众多石刻较为集中的地带。到达中天门后可以选择乘坐缆车或步行前往南天门及山顶区域，一路可以看到十八盘、升仙坊、对松山、朝阳洞、五大夫松等多个景点。天外村游览路线则是一条从天外村通往中天门的公路，可以乘坐旅游车前往，途径黑龙潭、扇子崖、冯玉祥墓等景点，到达中天门后路线即与红门路线后半段相同，不想步行或爬山的游客可选择这条线路。天烛峰路线是泰山较为险峻的登山步道，游人很少，是户外爱好者们经常徒步的地带，爬山大约需要半天。这条路线山色俏丽，有鲤鱼背等景点，起点处还有《中华泰山·封禅大典》的表演。桃花峪路线是很多游客下山时的选择，从山顶的天街有索道到达半山腰的桃花源索道起点，然后旅游车从索道起点到山下的桃花峪。这条路线主要的景致便是桃花峪彩石溪景区，石块多有彩色纹路十分神奇，有兴趣的可以前去参观。这四条路线通向的都是山顶的岱顶旅游区。岱顶上有泰山的主峰玉皇顶以及神奇的天上街道天街景区，还有日观峰、月观峰、大观峰、瞻鲁台、碧霞祠、孔子庙等多个景点，可以步行慢慢参观。山顶可以远眺黄河，看“黄河金带”奇观，山后的后石坞景区也可以前去观看，内有索道可从后石坞通向北天门。住宿信息一般游览泰山的时间多为1-2天，期间可以在...,"全年 05:00-02:00开放，红门(徒步进山)：05:00-次日02:00
天外村(乘车进山)：07:00-21:00
桃花峪(乘车进山)：08:00-16:00
东御道(徒步进山)：08:00-16:00
天平湖-中天门(乘车进山)：07:00-17:00
天平湖-桃花源(乘车进山)：07:00-15:30",https://dimg04.c-ctrip.com/images/100v0n000000ebugq5308_D_521_391.jpg,0,
58,曲阜三孔景区5A,山东省济宁市曲阜市鼓楼北街18号,4.6,8,曲阜是孔子的故乡，曲阜的孔庙、孔府、孔林是我国历代纪念孔子的圣地，统称“三孔”。孔夫子生前在此开坛授学，首创儒家文化，而其子孙后代也在此生活繁衍，传承着孔子的文化思想。1994年，“三孔”被联合国列入《世界遗产名录》。曲阜“三孔”中的孔庙、孔府都坐落在市中心，孔林则位于城北。孔庙是国内较大的祭祀孔子的庙宇，它是在孔子的故居上改建而成的，可谓全世界孔庙的始祖；孔府曾是数百年来孔子嫡系长期居住的地方，它的规模在国内仅次于故宫；孔林则是孔子及其家族后裔的墓地。,01/01-01/27 08:30-17:00开放;02/05-12/31 08:30-17:00开放;01/28 08:30-14:00开放;01/29-02/04 07:30-16:30开放,https://dimg04.c-ctrip.com/images/0101l120008ybqg3b01A2_D_521_391.jpg,0,
59,栈桥,青岛市市南区太平路12号,4.7,7.1,栈桥位于青岛中心城区的南部海滨，是一条440米长的海上长廊，从陆地延伸入海中。栈桥建于清光绪年间（1892年），已有百年历史，一直以来被视为青岛的象征。栈桥尽头的回澜阁，则是青岛近代历史的见证。栈桥曾是青岛的军事专用人工码头。栈桥与小青岛隔水相望，北端与中山路商业街成一直线相连，栈桥的尽头建有三角形防波堤，而这里有一座具有民族风格的八角亭阁回澜阁。回澜阁里面有一块无字碑，这块石碑的来历至今众说纷纭。现在，阁内通过主题展陈的方式，全面展示青岛近现代历史、人文、民俗等独特城市风貌。栈桥两边有铁链护栏和莲花路灯，游人漫步于栈桥海滨，风平浪静时，可观看海鸥在此自由翱翔。走到桥的尽头还可远眺小青岛。岛上树影婆娑、绿荫成群，一座白灯塔亭亭玉立。涨潮时，惊涛拍打着防波堤，激起簇簇浪花，可驻足观看。退潮时，赭色岩礁和金色沙滩露出水面，可走下栈桥，漫步在海滩上赶海拾贝。青岛火车站就在不远处，步行至栈桥也就10分钟路程，当你下火车走出站厅便能看到伸入海中的栈桥。栈桥的北端两侧是栈桥公园。东侧红瓦绿树交相辉映，各式建筑参差错落地分布在海滨边。而栈桥的西侧，是第六海滨浴场，盛夏季节这里常常云集了很多当地游泳者。,全年 全天开放,https://dimg04.c-ctrip.com/images/01040120009cw9igk7F83_D_521_391.jpg,0,
60,大明湖景区,山东省济南市历下区大明湖路271号,4.6,7.7,大明湖风景区位于济南市中心偏东北处、旧城区北部，是集水域风光、园林景观、古建筑为一体的公园。大明湖就在公园中心，更可以说公园是依湖而建的。大明湖是一处天然湖泊，水源来源于城内诸多泉水，有“众泉汇流”之说，且它历史悠久，可以追溯到北魏时期。大明湖景区分为老景区和新景区，整个景区共有16景，漫步其中，就像是在水墨画中游赏一般。此外，整个景区还与环城河相连，形成了环湖休闲游览景观线。园内水陆美景连绵不断，也是当年名人雅士的聚集之地，如今在此还能参观到老舍纪念馆，有着辛弃疾生平事迹展的稼轩园。大明湖景区有东南西北四个大门，每个大门进去都有不同景致，其中，东门进入是老景区，这里主要可以看到的景色有“曾堤萦水”，曾堤是位于景区东面一条连接南北的长堤，也是大明湖南岸通往北渚亭的必经之路。堤上杨柳垂阴，堤两侧湖水波涛阵阵。曾堤旁一处超然楼，可以登高远眺整个大明湖的风光，这也是大明湖16景之一的“超然致远”。沿着曾堤向南门方向步行进入新景区，这里有七座风格各异的桥，这里便是16景中的“七桥风月”。其中的鹊华桥是其中历史悠久，也是较为有名的一座桥。老舍纪念馆便坐落在该景点中。过了南门向西步行，便可至16景中的“稼轩悠韵”，它位于南门和西门之间，稼轩园原名稼轩祠，是为纪念爱国英雄辛弃疾而立。这里所到之处皆可感受到辛弃疾那爱国情怀、戎马生涯的画面与意境。在此可坐景区内游船去湖中央的小岛，岛上有一座历下亭，亭子上方红底金字匾额是由乾隆皇帝手书的，亭中的墙上刻有蒲松龄为该亭作的《古历亭赋》全文。这里便是16景之一的“历下秋风”。从这里继续坐游船前往景区北部，靠近东门处有一座“汇波楼”，登上汇波楼向南可眺望佛山，向北可眺望鹊华桥，而汇波楼下则是大明湖清澈的湖水。每当夕阳西下，湖面上波光粼粼，这便是16景之一的“汇波晚照”。下了汇波楼向西步行，过了北门便可来到了16景之一的“沧浪荷韵”，此处有铁公祠、沧浪亭和小沧浪亭，每逢夏季，河面上荷花盛开，非常漂亮。游览大明湖除了步行之外，游船也是不错的选择，泛舟大明湖上，既轻松又不误观光赏景。如果逛累了，北面和南门处还有餐厅供游人补充能量，价格会相对于园外贵一些。不愿在园中就餐的游客可自带食物，也可前往位于南门外的芙蓉街，这里是小吃一条街，价廉物美。,全年 05:00-22:00开放,https://dimg04.c-ctrip.com/images/100g1f000001gqzyj0422_D_521_391.jpg,0,
61,崂山风景区5A,山东省青岛市崂山区崂山景区专用路,4.5,8.2,崂山位于青岛东部，东、南两面濒临黄海，有“海上名山”的美名，高峰为海拔约1100米的巨峰。崂山以其雄伟、壮观、奇特、秀丽成为了有名的道教名山，崂山的道教宫观、日出与云海，都久富盛名。崂山主要由巨峰、流清、太清、棋盘石、仰口、北九水、华楼七大风景游览区组成。游览线路共有四条，其中陆路三条（南线、东线、中线），水路一条。这些景区的风光：巨峰旭照、太清水月、海峤仙墩、华楼叠石、九水明漪等共同组成崂山十二景。华楼远离大海，不在崂山区，所以游客较少。北九水以水为美，景区内到处是溪水、泉水，风景秀美。对于一般的游客而言，真正值得游览的是巨峰和流清-仰口线路，这两条线路各玩一天就足够了。巨峰和仰口也正是崂山自然美景的所在。流清-仰口又称南线，是崂山景区较早开发的景区。它紧贴海岸线，拥有名人景点太清宫，是绝大多数人游崂山的线路。进入景区的基本线路是流清-太清宫风景区-华严寺，终点是仰口。由于这条线路的精髓在于仰口，建议游玩前面的景点可自己安排好时间。太清宫——聊斋中崂山道士的故事发生地。当年因蒲松龄来到此地，看到太清宫有感而发在此写出了《崂山道士》。游客在此可以看到蒲松龄笔下崂山道士穿墙越壁的那面墙。华严寺——崂山中现存的佛寺。由于仰口靠近黄海，在这里可以看海、吹风。当然，仰口除了美景外，就是富于挑战性的觅天洞，此洞蜿蜒、陡峭、狭窄，暗处伸手不见五指，窄处卡着身子才能勉强过，大大增加了游玩过程中的有趣性。可步行也可坐缆车前往觅天洞，登上山顶可拍照、看风景、远眺黄海。另外记住带手电筒，这样可以一览洞中美景。除了仰口，崂山的第二个美景就在巨峰风景区。巨峰是崂山主峰所在，其中的崂顶为至高点。这里主要以爬山为主，是崂山旅游较耗体力之处。巨峰乱石叠嶂，气势恢宏，晴天可看海，阴天可观云海，而在崂顶观日出，可以看到美不胜收的迷人画面。,07/01-08/31 06:00-19:00开放;09/01-11/30 07:00-17:30开放;12/01-02/28 07:30-17:00开放;03/01-06/30 07:00-17:30开放，索道运行情况请关注【崂山风景区官方微博】，了解实时开放及运行情况。,https://dimg04.c-ctrip.com/images/010141200087e556s7C80_D_521_391.jpg,0,
62,岱庙,泰安市泰山区东岳大街191号,4.7,6.6,岱庙位于泰山南麓、泰安市内，始建于秦汉，是古代历朝帝王奉祀泰山神、举办祭祀大典的地方，也是有名的道教名地。岱庙的建筑群规模宏大，与北京故宫、山东曲阜三孔、承德避暑山庄，并称中国四大古建筑群。如今这里完好地保存着巍峨的宫阙，可以欣赏到宋代巨幅壁画以及众多古代碑刻。整个岱庙是按照古代帝王的宫城形制而营造的，高筑的城堞、宏伟的殿宇，处处彰显着古代的庙宇的气派。由南向北进入岱庙，可依次经过遥参亭、岱庙坊、正阳门、配天门、仁安门等主要建筑，然后到达天贶殿。其中高大的正阳门是进入岱庙的正门，古时候只有帝王才能从此门进入。天贶殿是岱庙的核心建筑，为东岳大帝的神宫，殿内供奉着泰山神（即东岳大帝）。殿内北、东和西三面墙壁上绘有宋代巨幅壁画《泰山神启跸回銮图》，描绘了泰山神出巡的浩荡场面，画中人马千姿百态，造型生动逼真，该题材的绘画全国仅此一幅。进入天贶殿需先在门口买鞋套，而壁画是不能拍照的。岱庙内如今存有历代碑碣石刻三百余通，因此有“岱庙碑林”之称，是欣赏书法的名地。你可以看到中国现存早期的刻石——秦代李斯小篆碑，此刻石是秦二世胡亥下诏书、由丞相李斯以小篆字体书刻制成的，至今已有2200多年的历史，为珍贵的珍宝。另外还有汉代隶书风格的代表作“张迁碑”、“衡方碑”，有晋代三大丰碑之一的“孙夫人”碑、形制特异的唐代“双束碑”等珍贵古迹。此外，岱庙内树木苍翠、大树参天，环境十分优美。其中不乏一些珍贵的古树，尤其是历经几千年风雨沧桑的“汉柏”、“唐槐”，为岱庙古树名木之一。汉柏院内有五株古柏，相传为汉武帝东封时所植，如今虽已肤剥心枯，却新枝继生。院内还存有几十块历代碑碣，仅乾隆皇帝登岱传作的就有26块。岱庙后院的东西两侧还建有铜亭和铁塔各一座，均为明代古迹，是从泰安的其他地方移至此地。其中铜亭又名“金阙”，较早置于泰山顶碧霞祠内，技艺高超的古代工匠将该亭以仿木结构的形式装配而成，可谓巧夺天工。景区内可提供导游服务，如果对古迹兴趣浓厚，这里还是比较值得请个导游讲解一下的。另外，景区门口有一排卖纪念品的小商店，店家一般可以帮忙照看普通行李，收费不高。,03/01-04/30 08:00-17:30开放;05/01-10/07 08:00-18:30开放;10/08-10/31 08:00-17:30开放;11/01-02/28 08:00-17:00开放,https://dimg04.c-ctrip.com/images/0107312000f6raiy4E1F0_D_521_391.jpg,0,
63,日照海洋公园4A,山东省日照市东港区碧海路88号,4.7,7,日照海洋公园位于日照市海滨旅游核心区域，由阳光海洋馆、四季花鸟园、AR穿越时空等游玩内容和海洋主题轻奢级度假酒店、海洋主题特色商业街组成，将景区构成一个集休闲、娱乐、观光、住宿、购物、餐饮于一体的大型旅游度假综合体。阳光海洋馆展示300多种海洋生物，基本涵盖了国内传统海洋馆的展示内容。其特色是采用新颖的生物展示方式，突出阳光主题和开放空间设计，使动物呼吸自然空气，在阳光中畅游：一是将动物开放在自然的空气中生活，借此也可以实现与游客的互动，拉近游客与动物的距离；二是通过穹顶的透明玻璃将阳光引入馆内，照亮水体，穿透水体，配合灯光效果，给游客带来如梦似幻的观赏体验，并达到“照亮你心中的那片海”的现实观赏效果。馆内除了2条海底隧道外，在多个创新型展区，游客可以0度平视与动物面对面，可以90度仰望动物在阳光中畅游，可以-90度俯瞰、360度环视……720度的视觉体验犹如置身海底。尤其是在群游池隧道，可以体验在海底仰望鱼类群游的震撼景象。四季花鸟园是一个创新型的自然生态旅游体验项目，除了千余种万余株花卉，还展示了数十种稀有鸟类、鱼类、萌宠，是一个包罗万象、人与自然和谐相容的充满诗意的花园。室外的飞禽剧场有国内少有的鹦鹉、巨嘴鸟及猛禽的室外表演，一只只本领超凡、聪明伶俐的“空中精灵”给游客带来有趣而刺激的观赏和互动体验。除常规展示外，日照海洋公园还将展示海豚、海狮、鹦鹉群飞、猛禽等表演内容，并通过各种动物与游客的零距离互动，打造成国内大型的萌宠乐园。,01/01-07/05 09:00-17:00开放;07/06-08/31 08:30-19:30开放;09/01-10/07 08:30-17:30开放;10/08-12/31 09:00-17:00开放,https://dimg04.c-ctrip.com/images/10031f000001grype10B8_D_521_391.jpg,0,
64,青岛啤酒博物馆4A,青岛市市北区登州路56号,4.8,8.6,暂无简介,11/01-01/27 08:30-16:30开放;01/29-04/30 08:30-16:30开放;05/01-06/30 08:00-20:30开放;07/01-08/31 07:30-21:00开放;09/01-10/31 08:00-17:30开放;01/28 08:30-12:00开放,https://dimg04.c-ctrip.com/images/1lo3012000asmcy6pC240_D_521_391.jpg,0,
65,十笏园4A,山东省潍坊市潍城区胡家牌坊街345号,4.5,6.6,十笏园是中国北方园林袖珍式建筑，始建于明代，原是明朝嘉靖年间刑部郎中胡邦佐的故宅。后于清光绪十一年（公元1885年）被潍县首富丁善宝以重金购得，被称作“丁家花园”。十笏园坐北向南，青砖灰瓦，主体是砖木结构，总建筑面积约2000平方米，因占地较小，喻若十个板笏之大而得其名。 十笏园平面呈长方形，总体布局严谨，疏密有致，建有假山、长廊、池塘、楼房、曲桥、亭榭、书斋、客房等六小建筑景观。整个园由中、东、西三组院落组成，中部是园林的主体部分，东西部是住宅部分。十笏园在北方园林中独具特色，兼有南北方园林的风格，总体布局紧凑而无拥挤之感。十笏园被中国著名园林专家誉为“鲁东明珠”。,01/01-01/27 09:00-17:00开放;01/29-12/31 09:00-17:00开放;01/28 09:00-12:00开放，潍坊十笏园博物馆：开放时间9:00-17：00（16：30停止售票，停止入馆），十笏园通票15：00停止售票，关帝庙16:00停止售票,https://dimg04.c-ctrip.com/images/1lo0q12000hs4eirg36F3.png,0,
66,拙政园5A,苏州市姑苏区东北街178号,4.6,8.9,拙政园是苏州有名的园林，全园以水为中心，萦绕错落有致的假山及精致的庭院建筑，花木并茂。这一江南园林典范与北京颐和园、承德避暑山庄、苏州留园并称为“中国四大名园”，并被列入世界文化遗产名录。整个园林的设计十分精巧，游览起来可以说是“一步一景”，处处体现着江南水乡的韵味。园中小径曲折，从一重重门廊、镂空图案的石墙，到每个亭子、每扇窗户都不雷同，而且与树木花草搭配得恰到好处，构成一幅幅如画般的风景，你可以花上很多时间来摄影。全园分为东、中、西三部分，各具特色，尤其中花园基本保持明代园林朴素自然的风格，是全园的精华所在，可以细细游玩。而东花园更加开阔，西花园建筑精美，在拙政园南端还建有苏州园林博物馆，是国内的园林专题博物馆。拙政园主要景观有兰雪堂、涵青亭、远香堂、香洲、卅六鸳鸯馆、盆景园等。还有两个很有意思的名景，一是“北寺塔借景”，站在东花园往西看，可以见到1公里外的北寺塔，仿佛就在园子里，这是很多游客会拍照的景色，而借景的手法在园内也四处可见，在游玩时可以体验一番；二是中花园里的“廊桥小飞虹”，朱红色的桥栏倒映在水中宛如飞虹，以这座桥为主体的景观十分漂亮。春、夏、秋三季都很适合游玩拙政园，3月中旬-5月上旬有杜鹃花展，6月上旬-10月中旬有荷花展，9月上旬-10月中旬有菊花展，春节期间还有花果盆景展。冬季去人会少很多，但可以安静地欣赏清秀的景色。,03/01-10/31 07:30-17:30开放;11/01-02/28 07:30-17:00开放，周二-周日开放夜游：18:30-21:00（法定节假日21:30），日场和夜游之间将清场。暮游体验以项目购买入场时间为准。,https://dimg04.c-ctrip.com/images/0102o12000f6rc5w8B3FF_D_521_391.jpg,0,
67,南京总统府4A,江苏省南京市玄武区长江路292号,0,7.6,南京总统府是中国近代建筑遗存中规模较大、保存较完整的建筑群，也是南京建筑的主要代表之一，中国近代历史的重要遗址，现已辟为中国近代史遗址博物馆。历史沿革南京总统府既有中国古代传统的江南园林，也有近代西风东渐时期的建筑遗存，至今已有600多年的历史。其历史可追溯到明初的归德侯府和汉王府，清代被辟为江宁织造署、两江总督署等，南巡均以此为行宫。太平天国定都天京（今南京）后，在此基础上扩建。1912年1月1日，在此宣誓就职临时大总统，辟为大总统府，后来又为南京总统府。总统府内部分布这是一座中西结合的院落，既有设计精细的西式办公楼、高耸的圆柱、深邃的回廊，又有清幽雅致的中式园林。目前总统府分为中、西、东3个参观区域，分布着一系列的史料展馆和复原陈列，还有一些再现历史场景的人物蜡像。你可以先沿着中轴线依次游览中区，再从尾端进入西区或东区。门楼及门楼的北边门楼是总统府的标志性建筑，气势雄伟，是很多游客一定会留影的地方，从此进入就是中区。大堂是一座中式建筑，横梁上是“天下为公”匾额。一直往前，有总统府文物史料展馆。门楼的西边若从门楼进去往西走，先看到的则是煦园（即西花园），亭台楼阁、小桥流水，是典型的江南园林，里面保留着石舫、夕佳楼、忘飞阁、印心石屋、漪澜阁等遗址景点。门楼的东边门楼的东边是东苑（即东花园），有行政院、陶林二公祠、马厩等各时期的建筑。这里还有太平天国展馆，以书房、后宫、机密房等模拟景观，再现了宫殿的昔日辉煌。,"03/01-10/14 周二-周日 08:30-18:00开放;10/15-12/31 周二-周日 08:30-17:00开放;全年 周一 全天不开放;01/01-02/28 周二-周日 08:30-17:00开放;元旦节,春节,清明节,劳动节,端午节,中秋节,国庆节 08:30-17:00开放;除夕 全天不开放",https://dimg04.c-ctrip.com/images/0102u12000hykgmtaEF79_D_521_391.jpg,0,
68,夫子庙,江苏省南京市秦淮区贡院西街与贡院街交叉口,4.6,7.9,夫子庙始建于宋代，位于秦淮河北岸的贡院街旁，原是祀奉孔子的地方，后多次遭毁并重建。它与北京孔庙、曲阜孔庙、吉林文庙并称为中国四大文庙，也是夫子庙秦淮河风光带主要的景点。民间艺术大观园夫子庙里有一个民间艺术大观园，你可以观看现场制作灯彩、剪纸、微雕等工艺品，听地方戏曲和南京白局。进夫子庙时可以留意一下演出时间表，演出时长约10分钟。春节灯会每年春节至元宵节期间夫子庙都会举行春节灯会（又称秦淮灯会、金陵灯会），尤其元宵节时万灯齐明，游人如海。此外，夫子庙也不时地举办“雨花石展”、“古代礼仪文化展”、“古代雅乐表演”等展演活动，十分热闹。夫子庙建筑布局整个夫子庙建筑群前面是文庙，后面为学宫，布局左右对称，自南向北构成一个儒学文化中轴线。迈过棂星门和大成门，就是中心庙院。石砌甬道直通大成殿，殿前立着一尊4米多高的孔子青铜像，甬道两旁有十二贤人的汉白玉塑像。大成殿大成殿是夫子庙的主殿，里面悬挂着一幅6米多高的孔子画像，被称为中国孔庙一大杰作。大殿四壁上是38幅彩石镶嵌壁画《孔子圣迹图》，反映了孔子的生平事迹。民间艺术大观园从大成殿后门走出就到了学宫，包括明德堂、尊经阁（即民间艺术大观园）等。大门上有清末状元秦大士题写的“东南第一学”门匾。学宫南侧矗立着四块石碑，其中《孔子问礼图碑》尤为著名，记载了孔子从家乡去周王城洛阳考察典章制度的经历，可谓“镇庙之宝”。秦淮河小吃参观夫子庙之余，自然还要体验一把秦淮河小吃，这一带餐饮店很多，蟹壳黄烧饼、开洋干丝、牛肉锅贴、鸡丝浇面、鸭血粉丝汤等一定要试试。另外，这里的商铺也鳞次栉比，你可以挑选一些价钱实惠又具有秦淮特色的纪念品。,全年 全天开放,https://dimg04.c-ctrip.com/images/0106k12000f6rav2xB39C_D_521_391.jpg,0,
69,拈花湾5A,江苏省无锡市滨湖区环山西路68号,4.6,7.5,拈花湾与灵山胜境毗邻，在灵山胜境的西边，小镇风格仿古，以禅意为主题。一幢幢米色、白色的特色建筑覆盖着青色的大坡顶，门窗和柱子多用木头制成，镇中点缀着小桥流水和园林小景，是特别适合来此度假放松，修身养性的民宿小镇。白天你可以看看禅乐馆、百花堂、妙音台、拈花堂、拈花塔等建筑，逛逛工艺品小店，逛累了可以坐下来吃吃喝喝。晚上可以拍摄拈花湾寂静的夜景，看看拈花湖上奇特的3D水幕电影。▲ 步入拈花湾，仿佛进入世外桃源，这里的一切亦梦亦真。拈花湾里还有八景可以游玩，胥山大禅堂、鹿鸣谷、禅心谷、银杏谷、竹溪谷、云门谷、香月花街、优游渔港。每个人都可以在这里找到属于自己的禅意生活方式，修养身心。赶一场大禅堂的“千人上午大禅会”，得到心灵和灵魂的收获；“一花一世界”的香月花街上有百家禅意小店，让你目不暇接、流连忘返；到优游渔港码头吃一顿美餐，体会“游鱼之悠，只有游鱼自知；候鸟之乐，只有候鸟自明”的禅意。提到溯溪避暑，拈花湾的鹿鸣谷再合适不过了。鹿鸣谷是拈花湾东北面的一个狭长山谷，树木参天，溪水潺潺。▲ 鹿鸣谷溪水乐园就掩映在这一片绿意葱茏中。这里水位尚浅、水流平缓，非常适合家长带着孩子来游玩嬉戏，与大自然亲密接触。从山脚徒步十分钟即可到达，溪流秘境掩映在葱茏林木中，蜿蜒而下，泠泠作响。光脚踩在水中，冰冰凉凉，炎热和烦恼都被瞬间蒸发。将瓜果一股脑丢进溪水里，冰镇后的水果吃起来嘎嘎凉、嘎嘎甜。把小桌椅搬到溪水中间，解锁“天然冰箱”冰镇过的水果汽水，“咔嚓咔嚓”一口口吃掉了整个夏天。戏水、踩水、玩水枪。孩子们在水中嬉戏，欢声笑语不断，那份纯真与快乐，感染了在场的每一个人。抬眼看绿荫遍野的山谷，感受清凉溪水滑过肌肤，这是比空调还管用的消暑方式。乘坐儿童手摇车，自在的在溪水上漂流，盈盈绿意与轻风为伴，清清凉凉的好不惬意。不插电的亲子时光，山间的风，脚边的水，叽叽喳喳的鸟鸣，都将给孩子一个甜甜的童年。松弛感带娃，解放双手，给父母一个躺平的机会。喝茶、吃瓜、拍照、聊天···给自己也放一天暑假。生活无解，快乐撒野。泡在水里的夏天变得也不燥热，生活里那些看似繁杂的问题也变得有头绪了，开始期待每一年的夏天。在这个没有天花板的地方，感受大自然的治愈力，为疲惫的身体充电，这里不仅仅是一个玩水的地方，更是一个连接自然与生活的桥梁。一桌一椅一夏天，一人一茶一心境，悟了“心静自然凉”的道理。,"全年 周一-周四, 周日 09:30-21:00开放;全年 周五-周六 09:30-21:30开放",https://dimg04.c-ctrip.com/images/1lo0l12000ikxrdii95BB_D_521_391.jpg,0,
70,瘦西湖5A,扬州市邗江区大虹桥路28号,4.7,8.5,“烟花三月下扬州”，春季来扬州，瘦西湖。瘦西湖是一段狭长的河流，在这里，你既可以沿河而行享受自然美景，或是走进亭台楼阁，品味历代文人墨客的诗画墨宝，你也可以坐上船，感受当年乾隆皇帝游湖的逍遥心情。整个瘦西湖风景区很大，从景区东南的大虹桥开始，沿湖北上直至观音山为止，途中经过数十个景点。景区有东南西北共4个大门，通常都是从大虹桥路上的南大门进去开始游览的。瘦西湖是著名的湖上园林，自然景观旖旎多姿，这里的春季绿柳成荫，加之山茶、石榴、杜鹃、碧桃等花树相伴，每年吸引着各地游客来踏青赏花。千百年来，无数文人墨客在此流连忘返，吟诗作画，留下了众多墨宝和故事，而且还因地制宜地建造了很多风景建筑。五亭桥是瘦西湖的标志，至今有两百多年历史。桥上建有五座风亭，每到满月之夜，五亭桥下十五个桥洞中每个洞都含着一个月亮。二十四桥是景区的另一个著名景点，出自杜牧的诗句“二十四桥明月夜，玉人何处教吹萧”，原桥已不复存在，现在看到是重建的桥。这里还曾是清代乾隆皇帝下江南时的之处，如今看到的大虹桥、钓鱼台、白塔、熙春台等建筑景观，都留下了与乾隆皇帝不可分割的典故。都说“扬州出美女”，这儿的美女导游也是景区内的一道亮丽风景线。每到夏季，瘦西湖开放夜游时，可以欣赏亮了灯的亭台楼阁，和倒映在湖中的月影。夜游需全程坐船，十分轻松，吹着习习湖风，盛夏来此消暑很不错。,全年 06:00-19:00开放;全年 18:00-21:30开放，瘦西湖游园时间:白天停止入园时间17:30，最迟出园时间19:00 （超过时间未出园的，需补齐白天+夜游的差价）。夜游开放时间18:00-21:30;夜游入园时间18:00，夜游停止入园时间21:00;夜游最迟出园时间21:30（夜游北门不开放）。,https://dimg04.c-ctrip.com/images/100812000000s2yr02C68_D_521_391.jpg,0,
71,沙家浜风景区5A,苏州市常熟市沙家浜镇,0,5.5,暂无简介,全年 08:00-16:30开放,https://dimg04.c-ctrip.com/images/1lo6u12000avklj5s863F.png,0,
72,金山寺,镇江市润州区金山路62号金山上,4.6,6.5,金山寺，又名江天禅寺，位于镇江市西北海拔43.7米的金山上，是金山的主要景点，距离镇江市中心仅3公里。原先寺庙与金山一同立在长江中心，后来长江北移，清光绪末年寺随金山一同与南边的陆地相连。金山寺始建于东晋元帝大兴年间（约公元320年），梁天监四年（公元505年）梁武帝在这主持水陆法会，于是金山寺成了水陆法会的发源地。寺庙的殿宇楼台全部依山而建，远望金山，只见寺庙不见山，有“金山寺裹山”的说法。金山寺吸引人的是许多民间故事，白娘子水漫金山都发生在这。寺庙山门朝西，游览寺庙的过程也是攀爬金山的过程。主建筑东西走向分布，由东向西依次为山门、大雄宝殿、藏经楼。山门的牌匾上“江天禅寺”四字，大雄宝殿周围围着雕花白石柱，金色琉璃瓦覆顶，在周围一片黑色、青色的屋顶间格外显眼，非常气派。大雄宝殿再往上，便是去登顶金山了。上面有赏月的妙高台，夕照阁等景点。而很多网上介绍、游记里提到藏有金山“镇山之宝”的观音阁，那“四宝”周鼎、东汉铜鼓、文徵明画的金山图，普通游客根本是看不到的，观音阁中无非陈列着一些菩萨塑像而已。金山寺登高看景有两处好地点。一处是离观音阁不远的慈寿塔，始建于1400多年前的南朝齐、梁时代，现在看到的塔是重建的，塔下还刻着“天地同庚”的贺词。塔高7层，登到塔顶可以俯看整个金山寺，往西南可以看到镜天园里用绿化做的超大“禅”字，往西可以远眺长江上的润扬大桥，往北则可以看到金山湖，故事中白娘子水漫金山的情景仿佛依稀能感受到。另一处则是金山之巅的留云亭，又名江天一览亭。法海洞也在山上，慈寿塔西北的一个角落里，是一个天然形成的石洞。历史上真实存在的金山寺开山祖师法海曾在洞里苦修，洞中供着法海雕塑。这位高僧德高望重，而《白蛇传》中法海的负面形象其实是后人塑造的。看完这些景点后就可以下山，绕到金山北侧，后山的山脚，模仿玉带的样子建的玉带桥边有一白龙洞，洞口附近立有小青、白娘子塑像。洞深处有很细很长的石缝，人不过去，据说一直通向杭州西湖，当年白娘子便是变成蛇从这跑走的。山脚临湖的一侧还有御码头。金山寺香火旺盛，平时香客络绎不绝，每年12月31日还有盛大的撞钟祈福活动，在山门前的佛教广场举办，届时广场上有文艺表演，到了零点铜钟被撞响，游客在此祈求新一年的平安如意。想吃素斋的话，寺庙山门前有一家佛印居素菜馆，楼下点单、付钱，楼上用餐，是点一盘盘菜的形式，米饭也要钱但量很足。,全年 08:00-16:00开放,https://dimg04.c-ctrip.com/images/0100p12000f7unsif5B83_D_521_391.jpg,0,
73,濠河风景名胜区5A,南通市崇川区濠北路508号,4.6,5.4,濠河是国内保留较为完整的古代护城河。两岸有包括众多景点名胜，有唐代古刹天宁寺、南通古城墙的遗迹北极阁、明代古塔文峰塔、中国首座公共博物馆南通博物苑等很是有名，此外还有环西文化广场、文化宫、体育公园等景点，可以花上半天甚至一天时间慢慢游览。来濠河景区游览，千万别错过富有盛名的濠河夜景。夜幕下的濠河两岸，各种古建筑、现代建筑都被绚丽的灯光映射得五彩缤纷，而很美的是河面上还倒影着这些色彩，相当迷人。晚饭后在河边走走，感受河风拂面，欣赏着河边的音乐喷泉，惬意无限。如果坐船夜游，更可尽赏与白天截然不同的美景。,全年 全天开放，游客中心服务时间：08:30-22:00，游船时间：09:30、14:30、18:45（周六、周日及法定节假日）；每周一及除夕不开班。,https://dimg04.c-ctrip.com/images/1A0r1c000001d7e8u840A_D_521_391.jpg,0,
74,南京博物院4A,江苏省南京市玄武区中山东路321号,4.6,7.7,南京博物院坐落在紫金山南麓、中山门内北侧。在这里你既可以看到《盗墓笔记》中金缕衣这样的古代文物，也可欣赏书画艺术，甚至在老街道上走一走，来一场穿越之旅。博物馆历史博物院于1933年筹建，1948年建成，主殿模仿天津独乐寺山门的模样。2009年扩建，2013年11月6日对外开放后，成了仅次于中国国家博物馆的中国第二大博物馆，共设历史馆、特展馆、数字馆、艺术馆、民国馆、非遗馆六馆。博物馆布局博物院的主要建筑分左右两块，右边走一段路后是仿独乐寺的博物馆老主殿，现已不再用作陈列展品，而成了安检的地方，“独乐寺”后是历史馆，其他五馆都在左手边。你既可以从左边五馆游览到右边历史馆，也可以从历史馆游览到左边五馆。建议先去历史馆，因为有“镇院之宝”的特展馆就在历史馆左侧，可按历史馆-特展馆-数字馆-民国馆-艺术馆-非遗馆的顺序，游览完整个博物院。历史陈列馆历史馆陈列着从远古到明清按时代顺序排列的文物，行走其中，好像漫步于江苏上下五千年的文明里。值得一看的有：远古时代的恐龙骨架；金缕衣、银缕衣；南北朝时用一块块砖砌成的墙，细看上面隐隐刻着“竹林七贤”的砖雕等。特展馆特展馆“盛世华彩”区陈列清朝官窑，“钟表精品展”陈列中国古代计时器、西洋钟表，“走进佛像”有金光闪闪的精美佛像。而“镇院之宝”明正统初年（公元1436-1439年）的鎏金藏式佛塔，一件展品占了一间房间，光那排场就足够震撼了。这件镇院之宝出土于南京牛首山的弘觉寺塔地宫，方形的红色砂岩基台上，四个青花瓷瓶围绕着中间的金色佛塔，佛塔的前方有一个小小的金棺银椁，棺椁上躺着金色释迦牟尼卧像。数字馆数字馆用现代技术展现古代题材，展品诸如动画《南都繁绘景物图卷》（类似世博会中国馆里的清明上河图）。比较有意思的是，这里有很多互动游戏，你可以触摸屏幕来玩古代背景的游戏。艺术馆艺术馆陈列雕塑、书法、绘画。展出的傅抱石的画，用中国水墨画来画东欧的红顶建筑、广场和雕塑，还是很特别的。民国馆民国馆把整个室内都做成了民国时期街道的模样。街道上摆着有轨电车，街两旁民国风铺子林立并开门营业，出售的当然也是能勾起人回忆的东西。在一家南北杂货铺，你可以买到小时候吃过的“老鼠屎”（又名金桔丸）。邮政局可以盖南京博物院邮戳，邮政局楼上的先锋书店，服务员都穿着当时的服装，要寄明信片书店也有买邮票。非遗馆非遗馆展出刻板、剪纸、金箔、花灯等民间手工艺。能在此欣...,01/01-01/17 周一 全天不开放;02/17-12/31 周一 全天不开放;07/09-08/31 周二-周日 09:00-18:00开放;09/01-01/17 周二-周日 09:00-17:00开放;02/17-07/08 周二-周日 09:00-17:00开放;国庆节 09:00-21:00开放;01/18-01/19 09:00-18:00开放;01/21-01/26 09...,https://dimg04.c-ctrip.com/images/0103e12000hykpqtoB370_D_521_391.jpg,0,
75,淮安府署4A,江苏省淮安市淮安区东门大街38号,4.7,6.8,暂无简介,全年 08:30-17:00开放,https://dimg04.c-ctrip.com/images/0104s120008c48hut485C_D_521_391.jpg,0,
76,伪满皇宫博物院5A,长春市宽城区光复北路5号,0,7.2,伪满皇宫博物院曾是清朝末代皇帝爱新觉罗·溥仪充当伪满洲国傀儡皇帝时的宫殿，他从1932年到1945年间曾在这里居住。如今这里还原了溥仪曾经生活和工作的环境，展示着大量的史料和文物，让人们了解末代皇帝的前半生以及侵华日军的罪证。步入博物院大门，首先可看到溥仪曾经的御用跑马场和花窖。往东走是主体建筑群，在溥仪曾用于办公的勤民楼中可看到当时的御用服装，在祭祖之地怀远楼中停放着溥仪的“御驾”派克牌轿车，还可参观溥仪和皇后婉容的寝宫缉熙楼，而在同德殿中可见到电影厅、钢琴间等娱乐处所。继续往东是东御花园，在这座日式园林中可看到御用泳池和假山，以及地下的防空洞，还能去书画楼参观溥仪当年从北京故宫带来的书画珍藏。离开历史建筑群，会看到1889年美国生产的蒸汽机车头，机车对面即是东北沦陷史陈列馆，这里陈列的上千件历史文物，向人们诉说着日本侵略中国东北的史实。,04/16-10/15 08:30-17:20开放;10/16-04/15 08:30-18:00开放;劳动节 07:40-19:00开放;元旦节 08:30-18:00开放,https://dimg04.c-ctrip.com/images/0102p12000hymtm0b0D06_D_521_391.jpg,0,
77,雾凇岛,吉林省吉林市龙潭区乌拉街满族镇韩屯村3社,4.5,5.6,暂无简介,全年 06:00-16:30开放,https://dimg04.c-ctrip.com/images/0100e1200068agzrb91FE_D_521_391.jpg,0,
78,长影旧址博物馆4A,吉林省长春朝阳区红旗街1118号,0,6.4,"长影旧址博物馆位于长春电影制片厂原址上，占地面积37,549平方米，她是在完整保留1937年原“满映”建筑的基础上本着“修旧如旧”的原则修缮完成的，是记录长春电影制片厂发轫、进展、繁荣、变迁的艺术殿堂。 长影旧址博物馆包括长影电影艺术馆、长影摄影棚展区、长影洗印车间展区、长影电影院、长影音乐厅和配套的电影文化街区。她通过文物保存、艺术展览、电影互动等形式，以电影艺术展、道具展、译制片展、荣誉展、电影工艺展为主题，全景展示了长影的光辉历程和艺术成就。除了展示功能外，还为游客提供了琳琅满目的主题衍生品及电影互动项目等。",01/01-01/27 09:00-20:30开放;02/05-12/31 09:00-20:30开放;01/28 09:00-12:30开放;01/29-02/04 09:00-19:00开放,https://dimg04.c-ctrip.com/images/0101u12000iipysalB3A7_D_521_391.jpg,0,
79,松花江观光索道,黑龙江省哈尔滨市道里区通江街218号,4.5,8.2,松花江观光索道南起通江广场，北至太阳岛风景区，横跨于松花江上，是颇具名气的的观光交通工具。索道全长1156米，江中索道支架距江面70余米，乘坐在轿厢中可俯瞰松花江两岸全景，风光无限。松花江观光索道是于1997年斥巨资打造、建设的哈尔滨市重点工程之一，它引进世界资深索道设备公司奥地利多佩玛亚公司的设备，居当今国际索道高端行列。索道比邻斯大林公园、防洪纪念塔、中央大街，宛如一条玉带将松花江两岸紧紧相连。索道配有全自动全封闭8人高级吊厢19部，豪华吊厢6部，吊厢内置沙发、吧台和音响，舒适高雅，温馨浪漫。索道运行时速为1-5米/秒，急缓自如，闲庭信步间尽览北国风光与都市风情，“所到”之处风光无限。迄今为止，索道已运营二十多个年头，安全系数达到百分之百。,01/01-01/27 09:00-20:30开放;01/30-12/31 09:00-20:30开放;01/28 09:00-16:00开放;01/29 11:00-20:00开放,https://dimg04.c-ctrip.com/images/1lo6m12000fmztpfm188F_D_521_391.jpg,0,
80,延边朝鲜族自治州科学技术馆,延边朝鲜族自治州延吉市体育场环路,0,1.7,暂无简介,未知,https://dimg04.c-ctrip.com/images/0HJ4h12000g88ixko1B7E_D_521_391.jpg,0,
81,虎山长城,辽宁省丹东市宽甸满族自治县319省道与滨海公路交叉口东南,4.6,6.5,虎山长城位于丹东市东北鸭绿江畔，是明长城的较东端，现在的长城是92年在原址上修筑的，有城楼、长城、古栈道、睡观音等多个景观，景区内还有一座长城历史博物馆可以参观。整个景区与朝鲜隔江相望，可以在山上看到对岸朝鲜的村庄和人民生活的场景，还有一步跨景区和朝鲜相隔仅有几米，游客可以在此拍照留念。这里的长城长约1250米，沿长城而上栈道下来全程两三公里，可以步行游览。首先，在景区山脚大门之外遥望虎山，在山岭之间长城绵延其中已经清晰可见。这里看虎山的全貌，很像一个睡着的观音，也是景区的一个景点睡观音。进入景区后便是景区广场，也是爬长城的起点。沿着过街城楼进入长城，一路上行，会看到12座城楼，每座都气势恢宏，还可以进入观察内部细致的建筑。长城顶端的烽火台就是虎山的高处，登上这里视野开阔，可以看到对岸朝鲜的土地，还能看到对岸人民的生活作息，远眺到“朝鲜八大景”之一的朝鲜统军亭。经过烽火台之后便来到景区的古栈道，这条栈道大约有一千米，沿着虎山靠江边的石壁修建，其中还有吊桥、水帘洞等特殊路段，沿陡峭栈道下山，脚下便是滔滔鸭绿江水，十分惊险刺激，行走在此要特别小心。不过此处视野也很为开阔，眼前一直是朝鲜的村落和土地。栈道走下来到达江边，这里是景区内又一个有名的景点“一步跨”，这里是中国距离朝鲜很近的地方，仅有几米，当地人夸张的说法为一步便可以跨过去。这里有写有“一步跨”字样的石碑，可以在此合影留念。此处还有人租赁朝鲜族服装以供拍照，有兴趣可以在此咨询。从一步跨返回景区门口，附近便是长城历史博物馆，这座博物馆是我国继八达岭、山海关、嘉峪关之后的第四座以长城为主题的博物馆。这里展示的多为本地出土的当年明军守城留下的遗物，有陶器、生活用具、城砖等，里面还有以长城为主题的大型油画、雕塑和光电展示，可以前去参观。,全年 08:30-16:30开放,https://dimg04.c-ctrip.com/images/0101c120009zirh5jED81_D_521_391.jpg,0,
82,沈阳故宫4A,沈阳市沈河区沈阳路171号,4.7,8.6,沈阳故宫位于沈阳市沈河区，是中国现存完整的两座宫殿建筑群之一。后金入关前的皇宫，也是清朝迁都北京后的盛京行宫（也称奉天行宫）。沈阳故宫博物院不仅有精美的古代宫殿建筑，还以丰富的珍贵收藏而著称海内外，宫内收藏有大量旧皇宫遗留下来的宫廷文物，在宫中的各陈列馆可以观赏到这些珍贵的宝物。沈阳故宫按照建筑布局和建造先后，分为三部分：东路为努尔哈赤时期建造的大政殿与十王亭；中路为清太宗时期续建的大中阙，包括大清门、崇政殿、凤凰楼以及清宁宫、关雎宫、衍庆宫、永福宫等；西路则是乾隆时期增建的文溯阁等。整座皇宫楼阁林立，殿宇巍峨，雕梁画栋，富丽堂皇。大清门是盛京皇宫的正门，俗称午门，是一座面阔五间的硬山式建筑，房顶满铺琉璃瓦，饰以绿剪边，纹饰为凸出的海水云龙及象征吉祥的各种动物，做工精巧，栩栩如生。大清门庄严富丽，与整个宫殿建筑俨然一体，显得十分协调。崇政殿俗称“金銮殿”，是清太宗皇太极日常处理政务接见外国使臣的重要场所。殿内陈列有金漆云龙屏风、透雕金龙宝座、鎏金铜甪端炉等珍贵文物，崇政殿宝座上方高悬的“正大光明”牌匾是乾隆皇帝御笔亲书。大政殿俗称“八角殿”，清入关前也称“大殿”或“笃恭殿”，是清太祖努尔哈赤营建的重要宫殿，也是东路的主要建筑。清入关前，这里是举行皇帝登基、元旦、万寿节朝贺、筵宴典礼等重要庆典的地方，平时则用以举行议政王大臣会议或颁布重要诏令等。殿内陈设有金龙宝座、金漆屏风、嵌珐琅象驮瓶等珍贵文物，和康、乾、嘉、道东巡盛京时留下的墨迹，再现了当年大政殿的原貌。凤凰楼位于崇政殿以北，建造在4米高的青砖台基上，楼高三层，三滴水歇山式围廊，顶铺黄琉璃瓦，镶绿剪边。此楼有《盛京八景》之一的“凤楼晓日”、“凤楼观塔”等传称。凤凰楼上藏有乾隆御笔亲题的“紫气东来”匾。文溯阁建于1782年（乾隆四十七年），专为存放《文溯阁四库全书》而建，是沈阳故宫西路的主体建筑，《古今图书集成》也存于阁内。文溯阁建筑形式与其它宫殿红金为主的外檐彩饰迥然不同，其彩绘画题材也不用宫殿中常见的行龙飞凤，而是以“白马献书”、“翰墨卷册”等与藏书楼功用相谐的图案，给人以古雅清新之感。只因这是乾隆皇帝“东巡”时的读书之所。,01/01-01/26 周二-周五 09:00-16:30开放;02/05-02/09 周二-周五 09:00-16:30开放;02/11-04/09 周二-周五 09:00-16:30开放;01/01-01/26 周六-周日 08:30-17:00开放;02/05-02/09 周六-周日 08:30-17:00开放;02/11-04/09 周六-周日 08:30-17:00开放;01/0...,https://dimg04.c-ctrip.com/images/0104y120005s8h46cBC7C_D_521_391.jpg,0,
83,老虎滩海洋公园5A,大连市中山区滨海中路9号,4.4,8,老虎滩海洋公园坐落于大连的南部海滨，这里傍山依海，既是海洋动物和鸟类的世界，又是海滨风光胜地。你可以观看一场由白鲸、海狮、海豚带来的表演，而欢乐剧场中可爱的海狮和海象等你来解读它们的肢体语言。如果这些还看不够，那么你可去海兽馆里了解海狗、海豹们的生活，去看企鹅们的萌样，去珊瑚馆欣赏多彩的海底世界。还可坐上可以一览大连南部海滨风光的跨海空中索道，欣赏着老虎滩的全景到达“鸟语林”，去这座生活着孔雀、丹顶鹤、白鹭等数十种鸟的大鸟笼，感受一下鸟类的世界。此外，公园里还有海上观光游艇、根雕艺术馆、四维影院等项目，更有惊险刺激的侏罗纪激流探险、海盗船、蹦极、速降等游乐设施等你来尝试。玩累了，还能在小沙滩上走走、看看海。,全年 08:00-17:00开放,https://dimg04.c-ctrip.com/images/0103o12000f6s0xl5CA0D_D_521_391.jpg,0,
84,雷锋纪念馆4A,抚顺市望花区雷锋路东段61号,0,0,雷锋纪念馆位于抚顺市望花区和平路东段61号，是全国重点烈士纪念建筑物保护单位，也是世界少有的为一名普通士兵建造的大型纪念馆。抚顺是雷锋工作、生活和因公殉职的地方，主要的烈士纪念建筑物有雷锋纪念碑、雷锋塑像、雷锋陵园和雷锋事迹陈列馆。雷锋纪念馆内藏有雷锋遗物、照片等文物400多件。纪念馆园区内有凭吊区、展览区、碑林区、雕塑区、青少年教育活动区和综合服务区六大功能区。凭吊区内建有雷锋纪念碑、雷锋塑像、雷锋墓，常年有游人来此参观、举行纪念活动扫墓、献花。参观区内的雷锋事迹陈列馆内翔实地再现了雷锋短暂而光辉的一生，展品有雷锋蜡像、大型《青山魂》浮雕、复制《雷锋童年的茅草屋》场景、油画、题词碑等。,"全年 周二-周日 10:00-15:00开放;全年 周一 全天不开放;元旦节,春节,清明节,劳动节,端午节,中秋节,国庆节 09:00-17:00开放",https://dimg04.c-ctrip.com/images/100k0w000000ks7oiF4B1_D_521_391.jpg,0,
85,大连圣亚海洋世界4A,大连市沙河口区中山路608-6-8号(星海广场西500米),4.4,7.3,大连圣亚海洋世界由A股上市公司大连圣亚旅游控股股份有限公司倾力打造，是全国第三代海洋馆开创者，同时是文化产业示范基地、国家AAAA级旅游景区。目前在营项目共有海洋世界、极地世界、珊瑚世界、银河星海、厉害塔等五大场馆；并有3大主要表演节目：浪漫人鱼童话水秀《海豚湾之恋》、双人双鲸全水下表演《白鲸传奇》、逗趣人与动物互动表演秀《海狮嗨秀》，特色观赏产品包括：南极企鹅种源繁育基地——南极企鹅岛。景区实时跟踪主题公园发展趋势与游客消费体验需求，对景区软硬件不断更新改造，集文创生活、海洋主题餐饮、特色酒店、娱乐休闲体验等为一体的海洋特色“大连的城市客厅”，全年365天营业。海洋世界场馆：情景式海洋主题乐园，奇幻海底真旅程。馆内设置鲨鱼岩洞、联合号海底工作站、海底飞碟、舞鲨地带、海底飞行器、海底通道、发现故事走廊、勇气号蒸汽船、哈瓦那大道、《海豚湾之恋》表演场等多个核心游玩区域，独具海洋历史文化特色，为游客带来一场从陆地到海底再回归陆地的海洋探险之旅。极地世界场馆：横跨南北两极情景，极地动物大联盟，欢乐无限冰雪王国。馆内有白鲸、北极狼、北极狐、南极企鹅、斑海豹等多种极地珍稀海洋动物，以及《白鲸传奇》和《海狮嗨秀》两大精彩演艺，让游客尽享“极地”欢乐之旅。银河星海场馆：星辰大海的奇遇世界，探寻动物复活的无穷奥秘。整个场馆空间被打造为带着探索宇宙终极计划—“银河星海计划”的太空战舰“圣亚号”，内设北极熊、海狗、海狮、北极狼、南极企鹅、水獭等珍稀动物，2024年新增设了水豚、浣熊等多种陆地动物，大部分动物都可互动投喂，为游客开启一场奇妙的科普之旅。珊瑚世界场馆：珊瑚科技秘境，身临其境的水族海底花园。2021年，珊瑚世界场馆全面改造升级，集炫酷与智慧于一体，将高科技与古老海洋生物完美搭配，内有来自世界的100余个珊瑚礁、鱼类等生物群，六大核心游赏区域、高科技LED屏，触控导览系统、全息影像等数字多媒体技术，带游客“趣”玩不一样的科普海洋。厉害塔：一座由壁画为开篇，兼具艺术价值与娱乐气质的“厉害塔”，它还有一个很COOL的英文名HOLY HIGH。它是用艺术为旅游赋能，联合国潮艺术家文那，塑造景区山海文化主题产品。利用现有的空闲建筑空间，合理调整布局，把大连特色的“山海文化”用壁画的表达形式完美的呈现，让游客在欣赏国潮绘画艺术的同时又有新鲜刺激的科技体验。本着“创新、务实、服务、...,全年 09:00-17:00开放,https://dimg04.c-ctrip.com/images/0104n120009e4p7yj393F_D_521_391.jpg,0,
86,军港游园,辽宁省大连市旅顺口区黄河路6号,3.7,6.6,旅顺口景区坐落于大连市旅顺口区黄河路，白玉山南麓，旅顺军港北岸。南面对着旅顺口门的主航道，西与旅顺西港相连，建于1985年、占地面积为5000余平方米。2020年经过整修后的景区以军事主题打造，整体外形酷似中国首艘航母“辽宁舰”，威武的战舰、航母舰岛、舰载机等大型军事模型景观随处可见，走在里面，仿佛自己是置身于航母甲板之上。在旅顺口景区内看到的旅顺百年军港是世界五大天然不冻港之一，曾是清朝北洋水师重要的根据地，港口东西两山对峙，门户天成，港内隐蔽性和防风性良好，战略上易守难攻，号称“北洋第一军港”。站在岸上守望军港，山海静峙，波澜不惊，真的很难想象这里曾经历过的战火硝烟。,全年 08:00-16:30开放,https://dimg04.c-ctrip.com/images/1mh2112000beqmy3pFE20_D_521_391.jpg,0,
87,本溪水洞5A,辽宁省本溪市本溪满族自治县谢家崴子村,4.6,7.2,本溪水洞位于辽宁本溪市，是一个数十万年前形成的大型充水溶洞，是迄今世界上已发现的最长可乘船游览的地下暗河。整个景区是由水洞、地质博物馆、铁刹山及庙后山等景区组成，沿太子河呈带状分布，游客来此主要参观水洞及博物馆。而水洞内分水、旱二洞，有着许多形态各异的钟乳石，需泛舟游水洞。本溪水洞洞口座南朝北，洞口呈半月形，洞口上方写着“本溪水洞”四个大字。进入洞口便是“迎客厅”，这里非常大，可以容纳千人。从大厅向右便是一处有着300米长的旱洞，这里高低错落，洞中有洞，在洞的顶部和岩壁上可以看到很多钟乳石，形态各异，如古井、龙潭、百步池等景观。旱洞的尽头是一泓清潭，深不见底，而且透上来的水气非常寒冷。出了洞回到大厅，在大厅的正面是通往水洞的码头，这里的水面非常大，可以停靠40艘游船，在周边灯光的照射下，宛如一个幽静别致的港湾。游客从护岸石拾阶而下，通过长廊从码头上船，开始畅游水洞。整个水洞中有很多形态各异的钟乳石形成的景色，一路上在河流两岸可以看到形似宝莲灯、倚天长剑、鳄鱼头、玉米塔、独角犀、春笋、斜塔、大象、雪山等钟乳石，特别是玉米塔、玉象和雪山三景，更是名实相符，几乎可以乱真。除了两岸钟乳林立，石笋如画，千姿百态之外，洞顶也有钟乳高悬，非常晶莹斑斓，神趣盎然，整个行程约20分钟左右。参观完水洞之后出来可以前往附近的本溪地质博物馆参观，在这里可以了解到地球的诞生到现在主要的地质变化，馆中还陈列了很多该景区内的地质遗迹、史前遗迹等珍贵样本，观赏价值极高。餐饮景区内只有一个仅有的餐厅——水洞聚仙楼酒店，这里用餐较贵，建议游客来此可以自带食物。,全年 08:30-16:30开放,https://dimg04.c-ctrip.com/images/0106t1200087cyqv9D43A_D_521_391.jpg,0,
88,沈阳方特欢乐世界4A,辽宁省沈阳市沈北新区盛京大街55号,4.9,7.5,沈阳方特欢乐世界位于沈阳市沈北新区盛京大街，占地约50万平方米，由深圳华强集团精心打造，是东北地区规模颇大的第四代主题乐园。方特欢乐世界以科幻和互动体验为乐园特色，由飞越极限、疯狂成语、恐龙危机、生命之光、海螺湾、宇宙博览会、聊斋、熊出没历险记、熊出没脱口秀、火流星、神秘河谷、维苏威火山、飓风飞椅、双层旋转木马、空中飞舞等十几个大型主题项目区组成，涵盖主题项目、游乐项目、休闲及景观项目300多项，其中包括许多超大型游乐项目，绝大多数项目老少皆宜。这里有高空飞翔体验项目“飞越极限”、大型火山探险项目“维苏威火山”、大型恐龙复活灾难体验项目“恐龙危机”、让人琢磨不透的中国传统神话神奇演绎项目“聊斋”、色彩斑斓、如梦似幻的项目“海螺湾”、神奇的卡通互动项目“熊出没脱口秀等。,03/06-03/21 全天不开放;03/22-03/31 09:30-17:30开放,https://dimg04.c-ctrip.com/images/1lo6o12000iwtz51rA478_D_521_391.jpg,0,
89,辽宁省博物馆4A,辽宁省沈阳市浑南区智慧三街157号,4.8,7.4,辽宁省博物馆新馆坐落于沈阳市南郊，目前拥有11万余件藏品。目前一楼主要设有明清玉器瓷器展、中国古代碑志展、欧洲玻璃艺术珍品展、辽宁民间绣品展以及一些名人书画展等临时展览。后续还将逐步开放更多的展厅，届时可以看到大量的珍贵文物。辽宁省博物馆成立于1949年，是新中国的一座博物馆，原馆址位于市府广场东侧（现已关闭），新馆于2015年5月试开馆。辽宁省博物馆以辽宁地区考古出土文物和传世的历史艺术类文物为主体，藏品分为17类文物，其中尤以晋唐宋元书画精品、宋元明清缂丝刺绣、红山文化玉器、商周时期窖藏青铜器、辽代陶瓷、历代碑志、明清版画、古地图、清李佐贤《古泉汇》著录的历代货币等具有特色和影响。,01/01-01/28 周二-周日 09:00-16:30开放;02/17 周二-周日 09:00-16:30开放;02/24 周二-周日 09:00-16:30开放;03/01-07/12 周二-周日 09:00-16:30开放;09/01-12/31 周二-周日 09:00-17:00开放;01/01-01/28 周一 全天不开放;02/17 周一 全天不开放;02/24 周一 全天不...,https://dimg04.c-ctrip.com/images/0106v12000hyjy3z123E6_D_521_391.jpg,0,
90,“九•一八”历史博物馆4A,辽宁省沈阳市大东区望花南街46号,0,0,坐落于沈阳市区东北隅的“九·一八”历史博物馆是为纪念在“九·一八”事变中的受难同胞、警示国人勿忘国耻而建。馆内陈列着大量的史实照片、档案，还有各种侵华罪证物件、抗日烈士遗物等文物展品，从各个方面展示了侵华日军的史实罪证，以及沦陷区人民的苦难生活与不屈不挠的斗争事迹。这里是个很有意义的教育场所，很适合带孩子一起来学习历史、接受爱国主义思想的洗礼。博物馆的主体建筑很有特色，是一座残历碑造型的巨大石雕，碑形为翻到事变日期的台历，上面布满了弹痕与骷髅，寓意着倒在枪口下的千万个冤魂在呼号，残历碑上镌刻着“九·一八”事变的日期和时间，以及事变简介。从残历碑正面拱形门进入正厅，迎面黑色大理石上刻有“勿忘国耻”四个大字，字上方的残月形时钟时针指着10时20分，这是侵华日军进攻北大营的时刻。建议跟随讲解员听详细的讲解。也可以在入口处租用语音导览机。要注意博物馆内不能拍照。博物馆内大致分为四个部分：第一部分介绍了“九·一八”事变的预谋过程以及当时东北军的部署状况，还通过光影演示了日军暗杀张作霖并炸毁火车然后，诬称中国军队破坏铁路、袭击日军守备队的过程；第二部分展示了日军占领东北后残害中国老百姓的血腥情景；第三部分介绍了中国人民与日本侵略者的抗争事迹；第四部分介绍近年来的中日关系，同时提醒世人警惕日本军国主义的复苏，时刻以史为鉴。在馆中，可以看到很多逼真的蜡像，展示了日军“731部队”残忍血腥的人体试验、八路军战士的生活和战斗等场景。你能看到日军的运尸车、弹等罪证，以及和被屠杀的同胞身上的手表、烟嘴、子弹头等物品。还能见到不少缴获的日军军旗、武器、军刀等物件，还有八路军用过的战刀等物品。,01/01-01/26 周二-周日 09:00-16:30开放;01/29-02/02 周二-周日 09:00-16:30开放;02/04-02/09 周二-周日 09:00-16:30开放;02/11-12/31 周二-周日 09:00-16:30开放;01/01-01/26 周一 全天不开放;01/29-02/02 周一 全天不开放;02/04-02/09 周一 全天不开放;02/11...,https://dimg04.c-ctrip.com/images/0100q12000isot34f2A6B_D_521_391.jpg,0,
91,哈尔滨冰雪大世界,黑龙江省哈尔滨市松北区松北大道西侧,4.4,9.9,中国·哈尔滨冰雪大世界始创于1999年，是由哈尔滨市政府为迎接千年庆典神州世纪游活动，凭借哈尔滨的冰雪资源优势，而推出的大型冰雪艺术精品工程，年接待游客超过百万人次。景区先后获得具有影响力冰雪旅游目的地奖、青少年喜爱的龙江冰雪景区、龙江佳旅游目的地、中国旅游产业投资百强企业、黑龙江文化产业十大品牌、首届黑龙江省政府质量奖等诸多荣誉。如今的哈尔滨冰雪大世界，早已成为哈尔滨亮丽的城市名片、国内冬季热门的景区、国际知名冰雪旅游品牌。,02/28-12/15 10:00-21:30开放，第二十六届哈尔滨冰雪大世界已于2025年2月26日晚正式结束，哈尔滨冰雪大世界四季冰雪项目于2月27日续写欢乐新篇章，以上为哈尔滨冰雪大世界四季冰雪项目营业时间。,https://dimg04.c-ctrip.com/images/1lo3r12000irszr11A407_D_521_391.jpg,0,
92,太阳岛风景区5A,哈尔滨市松北区太阳大道1号,4.5,7.7,历史起源太阳岛风景区是位于哈尔滨市区松花江北岸的江心小岛，早年满族在此渔猎，松花江盛产鳊花鱼，在满语中这种鱼的叫法和汉语“太阳”的发音极为相似，久传至今，就被称为太阳岛了。清代康熙年间，太阳岛就被作为水师营被开发利用，后来被清朝政府作为水师查兵和训练的基地。随着中东铁路的修建和前苏联十月革命的成功，大量的俄国和欧洲的侨民涌入哈尔滨。他们被太阳岛上的自然景色，美丽风光所吸引，在岛上修建房屋，建造度假的别墅餐厅，游玩娱乐的各种设施，并在这里狩猎、钓鱼、野餐、野浴，这些充满异国情调的建筑也成为了太阳岛上独特的人文景观。景区亮点#纯粹的郊野风光#太阳岛自然风景异常秀美。全岛碧水环抱，水光潋滟，原野风光粗犷中带着质朴。公园内的天鹅湖、太阳瀑、水阁云天、松鼠岛等景观，更是将人与自然和谐演绎的淋漓尽致。#精美的俄式建筑#在岛上存有大量欧式别墅建筑，是俄国人夏季避暑的场所，这些建筑小品掩映在满眼绿色的林木之中，唯美而极富情调。园内还有体验俄式民俗的俄罗斯风情小镇，是遗存在岛上的上十栋俄式木楞房子修缮的。,全年 08:30-17:00开放,https://dimg04.c-ctrip.com/images/100i0y000000lwabz98EA_D_521_391.jpg,0,
93,五大连池风景区5A,黑河市五大连池市五大连池镇药泉东路北侧,4.6,6.6,五大连池风景区位于黑龙江省黑河市，这里分布着十四座火山体，构成了奇特壮观的火山地貌景观。五大连池得名于这里的五个大小不一的堰塞湖，景区内随处可见大片的绳状、麻花状、木排状等各种熔岩地貌。登上火山口可远眺景区全貌，欣赏温泉湖区的秀美风光，看到地上披满苔藓的树林，以及盛夏也挂着冰柱的地下冰洞。当然你也可以去尝尝冷矿泉，看看和我们平常喝的究竟有什么不同。每年的4-9月是五大连池的旅游季。春季可见熔岩上披着地衣苔藓、林间盛开着五彩野花；夏季绿叶苍翠，湖面明澈如镜，整个景区色彩明晰；而深秋时，这里的山杨、白桦等各种植物渲染出大片的红色和金黄，是赏秋名地、更是摄影天堂。五大连池的五个池中，头池较小。较大的是第三池（又称白龙湖），蓝色的湖水透着淡紫色，湖底倒映着蓝天白云和火山，美如仙境，夏季还可在湖滩上赤脚走走。每天早上八时前和下午四时后，是湖面为明澈如镜的时候。另外，四池连着五池有成片的芦苇湿地，常有鸟类栖息，风景也不错。黑龙山也叫“老黑山”，位于景区西部，满山都是黑色的浮石。它是14座火山中较高的一座，200年前喷发过一次。山顶是巨大的火山口，爬上山顶后可沿着步道俯视景象森然的内壁，也可远眺五大连池和其余的火山锥。该景区内需乘坐电瓶车，除此之外还会带游客去近观附近的另一座火山“火烧山”。来到景区东部的龙门石寨，可以看到几十万年前石啸山崩的地质遗迹。走在木栈道上，两边是黑乎乎的石海，还可见到因火山喷发和地震形成的许多石柱，它们或形若石兽或如塔似锥，有的好似倒塌的古城墙，甚至有城堡一样的高垒。水晶宫和白龙洞位于五大连池镇去往龙门石寨的途中，这两个景点都是熔岩冰洞。水晶宫的洞壁满是奇形怪状的熔岩，洞顶有钟乳垂下来；白龙洞则是一条500多米长的地下冰河，洞内同样霜花遍布。由于这些洞内常年温度都在摄氏零下5度，所以有“三伏赏冰雪”的说法，这里人工雕琢的冰灯也是惟妙惟肖。泉水也是景区内的一大亮点，其中较美的当属温泊。温泊位于景区中部，是三个终年不结冻的小型温泉湖泊。走在蜿蜒的木栈道上，可见湖边绿叶葱葱，清澈的湖水中有斑斓的水草和水藓。走完栈道接着会坐景区的游船沿着石龙河前行，上了岸就是出口了。五大连池还有各种可饮用的天然冷矿泉，位于景区西南的北药泉和南药泉（也叫北饮泉、南饮泉）是离五大连池镇很近的两个景点，它们隔道相对。它们口感不同，但都清冽爽口，非常值得尝试。,5/1-9/30 08:00-17:00开放;10/1-4/30 08:30-16:00开放,https://dimg04.c-ctrip.com/images/0106c12000j19xs7i1CBC_D_521_391.jpg,0,
94,镜泊湖风景区5A,牡丹江市宁安市,4.3,7.7,镜泊湖是著名的避暑胜地，位于牡丹江所辖宁安市境内，距牡丹江约两小时车程，它是由于万年前火山喷发而形成的，高山堰塞湖。相传很久很久以前，牡丹江畔住着一个美丽善良的红罗女。她有一面宝镜。哪里的人们有苦难，她只要用宝镜一照，便可以消灾弭祸。这件事传到了天庭，引起了王母娘娘的忌妒，她派天神盗走了宝镜。红罗女上天索取，发生了争执，宝镜从天上掉了下来，就变成了镜泊湖。每年6-9月是这里的旅游季，处处是秀丽的山峦和葱郁的树林，坐上游船可在湖上欣赏两岸风光。此时镜泊湖北端的吊水楼瀑布水量充沛、颇为壮观，而行走在火山口地下森林中则可感受清凉。镜泊湖风景区目前主要分为镜泊湖主景区、镜泊峡谷、火山口地下森林三大景区。镜泊湖主景区包括了吊水楼瀑布和百里长湖两大部分，全程游览约4-5小时，购主景区门票后需按指纹进行登记，可48小时内两次进出景区。吊水楼瀑布是镜泊湖有名的景观，每到夏季尤其雨后这里水流轰鸣、气势磅礴，你还可以站在瀑布对面的悬崖上欣赏中国悬崖跳水第一人——狄焕然的跳水表演。百里长湖是指镜泊湖湖区，可在镜泊山庄码头坐游船游湖，大约1.5-2小时，在船上可欣赏毛公山、大孤山、小孤山、道士山等景观，以及湖边石崖白石砬子、城墙砬子、老鸹砬子等景观，建议坐在船头，以便更好地欣赏风景。除此以外，主景区内还有红罗女文化园、药师古刹、奇境碑园等小景点。镜泊峡谷与吊水楼瀑布邻近，也位于镜泊湖北端。峡谷里水流潺潺，你可以行走在火山岩石上、欣赏形状各异的“冰臼”奇观，这里还有小型瀑布和朝鲜族民族等景观，夏季时还可以玩皮艇漂流。景区不大，景点比较集中，通常游玩2-3小时。火山口地下森林位于镜泊湖西北约50公里处，镜泊湖主景区门口有车可到，约半小时车程。这里从东南向西北排列着七个火山口，里面被森林覆盖。站在火山口俯瞰，一派郁郁葱葱，而行走在山口底部，头顶遮天蔽日，在夏季时尤其凉爽。该景区游览时间约2小时，森林里的温度要比外面低几度，要注意衣着保暖。游镜湖景区一般需花两天的时间游览。如果中午到达，可以先游览地下森林；第二天上午游览主景区、下午游览镜泊峡谷，如果对历史遗迹有兴趣，下午也可以去景区东北部的渤海国上京龙泉府宫城遗址参观。如果只有一天时间，建议只游览主景区，牡丹江火车站前有车可直接往返景区门口，但仅上午有车。主景区内的镜泊山庄一带有几家宾馆，但价格比城镇要贵，主景区北门附近也有不少当地村民开...,全年 全天开放,https://dimg04.c-ctrip.com/images/1lo1f12000hfnfuvt9BD5_D_521_391.jpg,0,
95,铁人王进喜纪念馆4A,黑龙江省大庆市让胡路区中原路2号,0,4,铁人王进喜是大庆油田的一位普通钻井工人，但是他却用自己朴实奉献的精神感动了整个中国，他用自己的身躯搅拌泥浆堵住了井喷，从而被赞为“铁人”。王进喜的一生是短暂的，他因为胃癌，在47岁就离开了我们，但大庆人民为了纪念这位楷模，修建了一座王进喜纪念馆。纪念馆坐落于大庆市的铁人广场附近，新馆于2006年成立。纪念馆的建筑外形非常有意义，从天空俯瞰，它像是一个“工”字，从远处侧看，它又如同一个“人”字，生动的证明了这是一座表彰工人的展馆。此外，展馆里还有几个数字同样有着自己的象征，通往展馆的台阶有47级，新馆建筑总高47米，这寓意着王进喜47年岁月所谱写的非凡人生。展馆用多样化的手段表现了铁人的光荣事迹，你可以在此观看纪录片、真实照片、文字展览以及沙盘展示，从多方面了解王进喜以及中国石油事业的奋斗史。,全年 周二-周日 09:00-16:30开放;全年 周一 全天不开放,https://dimg04.c-ctrip.com/images/0107212000iisuocx4186_D_521_391.jpg,0,
96,汤旺河,黑龙江省佳木斯市汤原县,0,1,暂无简介,未知,https://dimg04.c-ctrip.com/images/fd/tg/g1/M06/FC/24/CghzflW7H_iATdynAAA-FlXAIeA738_D_521_391.jpg,0,
97,哈尔滨极地公园·海洋馆4A,黑龙江省哈尔滨市松北区太阳大道3号,4.6,6.5,哈尔滨极地公园是中国为数不多的原创型文旅度假区。园区场馆建筑设计、总体规划、产品创意等均由公司自有团队创意设计并研发。项目位于旅游风景区太阳岛，总投资额十亿元人民币，是中国以极地主题表演秀与科普互动体验为核心的文旅度假区，是中国极地海洋馆业著名品牌，是黑龙江打造的一张旅游名片。园区包含极地馆、海洋馆、淘学企鹅馆、北极熊体验馆、恐龙馆五大场馆；打造白鲸秀、海豚秀、冰川极光秀、海象脱口秀、企鹅表演、水舞、鳐鱼表演七大主题表演。,01/01-03/16 09:00-17:00开放;03/18-12/31 09:00-17:00开放;03/17 09:00-16:00开放,https://dimg04.c-ctrip.com/images/0105o120009ddn56d0E8E_D_521_391.jpg,0,
98,扎龙生态旅游区5A,黑龙江省齐齐哈尔市铁锋区扎龙镇扎龙村,4.5,7.5,扎龙自然保护区位于齐齐哈尔市东南30多公里处，是世界较大的芦苇湿地，也是丹顶鹤的故乡。丹顶鹤是濒危鸟类，全世界现已不足两千只，每年3-10月，约有四百只丹顶鹤飞来扎龙湿地繁殖停歇。来扎龙可以看到丹顶鹤们优美的身姿，它们或展翅飞翔、或在芦苇丛中蹒跚觅食，每年都有大批的摄影爱好者来此捕捉这些美丽的画面。鹤群放飞表演是扎龙景区的特色看点，每次大约放飞20-30只丹顶鹤。你会看到远处的一群丹顶鹤在放鹤人的挥杆引导下开始助跑、飞翔，在空中盘旋片刻后飞回放飞处。由于放飞处离观鹤栈桥有一定距离，所以摄影爱好者们如果想拍摄到精彩的画面，一定要准备好长焦镜。除了丹顶鹤，在扎龙还能看到白鹤、白头鹤、白枕鹤、蓑羽鹤等珍禽。丹顶鹤放飞的时间很短也就2分钟，所以一定要提前去。6-9月是观鹤的较好时节，此时的丹顶鹤比较多。现在已有一些丹顶鹤不再迁徙，因此冬季来也能看到一些鹤，但很少。扎龙保护区是片芦苇湿地，这里河道纵横，湖泊沼泽星罗棋布，建有长长的木栈道架于水上。景区很大，一般全程游玩需要半天时间。从大门到观鹤区要走一长段路，可乘坐电瓶车（每人10元，中间停3个站点，可随上随下）。景区大门前有免费停车场，便于自驾车游客停车。到达景区建议先注意看一下放飞时间的公告，赶时间的话可以直接坐电瓶车至终点站，然后步行约20分钟至放鹤栈桥等待放飞。6月15日-8月31日期间以及黄金周，每天有四场放飞表演，通常为：9:30、11:00、14:00、15:30，其余时节为每天两场（上下午各一场）。景区内还可坐游船（每人50元，约20分钟）穿梭在芦苇荡中，终点是放鹤栈桥处。,"04/16-10/31 07:30-17:00开放;11/01-04/15 08:30-16:00开放，丹顶鹤野化训飞时间：
11月1日—次年4月15日，上午10：00、中午12：30，下午15：00。
4月16日—10月31日，上午9：30、11：00，下午14：00，15：30。",https://dimg04.c-ctrip.com/images/0104x12000j0daf5f756C_D_521_391.jpg,0,
99,俄罗斯风情小镇,黑龙江哈尔滨松北区平原路太阳岛风景街10号,4.2,6.4,俄罗斯风情小镇位于太阳岛风景区内，是一处俄式风情主题旅游观光区域。小镇内保留着数十栋俄式乡间别墅与民宅，游客可走进这些建筑参观，有时还能遇到会说中文的俄罗斯人讲解屋内的家具和布置。这座小镇的门票很特别，是一本纪念护照，你可以拿着它去各个小屋中盖章留念。这里的许多小屋都有不同的主题，有钟表收藏的“百年时光”，有收藏各国老唱片的“百年声音”等，每座小屋里都可让游客留言纪念。旅游旺季时小镇内还会有俄罗斯风情的歌舞表演，但要另外付费，若有兴趣可以去看看。,全年 08:30-17:30开放,https://dimg04.c-ctrip.com/images/0105j12000f6q5e1t6B54_D_521_391.jpg,0,
100,东北虎林园4A,黑龙江省哈尔滨市松北区松北街88号,4.6,8.6,因野生东北虎的生存环境不断恶化，1986年我国政府为保护濒危物种东北虎，在黑龙江省海林市横道河子镇成立了中国横道河子猫科动物饲养繁育中心（以下称“中心”），这是我国一家以异地保护东北虎为主的人工饲养繁育东北虎基地，从此开始了长达三十多年的人工饲养繁育和科研保护东北虎之路。1996年，为了更好的保护这些东北虎，“中心”在哈尔滨市成立了黑龙江东北虎林园，通过开发利用东北虎的旅游观赏价值，用“以虎养虎”的方式，支持东北虎的保护、科研和野化训练工作。黑龙江东北虎林园坐落于松花江北岸，占地面积约144万平方米，国家4A级旅游景区，目前，该园是全国大的人工饲养和繁育东北虎基地，有纯种东北虎近千只，是一家集东北虎饲养繁育、科研保护、科普教育和旅游观光为一体的综合性企业。东北虎又称西伯利亚虎，是现存体重大的猫科动物，成年东北虎体长为1.2米-2米，尾长约1米，体重100-200公斤，甚至可达320公斤左右。东北虎主要分布于中国的东北地区及俄罗斯的西伯利亚地区。东北虎的头大而圆，前额上有数条黑色横纹，中间常被串通，形似“王”字，故有“百兽-之-王”之美称。其夏毛短而色深，呈棕黄色，冬毛长而色淡，呈黄色或淡黄色，背部和体侧有许多横列黑色条纹，常两条靠拢成柳叶状。耳短圆，背面黑色，中央带有一块白斑。下颏、腹部及四肢内侧近白色，尾上具有黑色环纹，尾尖黑色。它厚厚的皮毛，能抵御-45℃的低温。东北虎栖居于森林、灌木和野草丛生地带。独居，无固定巢穴，具领域行为，多在傍晚或黄昏活动。感官敏锐，生性凶猛，行动迅捷，善游泳。捕食大中型哺乳动物，偶食小型哺乳动物和鸟。东北虎是生态系统中的旗舰物种，国家保护动物，以它特有的雄姿和风采给人们带来快乐和回归自然的享受，保护好东北虎是人类与自然和谐共处持续发展的需要，也是践行生态文明建设理念的具体体现。,11/01-12/31 08:30-16:30开放;01/01-10/31 08:00-16:30开放,https://dimg04.c-ctrip.com/images/0102t12000f6trxe5E30D_D_521_391.jpg,0,
101,亚龙湾热带天堂森林公园4A,三亚市亚龙湾区湾路665号亚龙湾国家旅游度假区,4.5,9.1,亚龙湾热带天堂森林公园景区位于亚龙湾国家旅游度假区内，电影《非诚勿扰II》、电视剧《亲爱的，热爱的》在海南三亚的主要取景地。园区定位于国际滨海生态观光兼生态度假型森林公园，被专家美誉为第三代森林旅游产品的典范之作。园区内树木葱茏，能看那藤萝密布、溪水潺潺，可遇到那百年古藤、参天巨榕，能听闻虫唱鸟鸣，极尽野趣。景区内随处都可见《非诚勿扰II》、《亲爱的，热爱的》中的场景，舒淇、葛优、杨紫、李现走过素有情人桥之称的“过江龙索桥”，悬崖边的“峭壁天池”、见证浪漫爱情的《非诚勿扰II》里的试婚房、网红玻璃栈桥等，都是情侣们不可错过的打卡地。漫步天街，享受北纬18°天街慢生活，行走在全海景玻璃栈桥上将亚龙湾的美景尽收眼底，面朝大海，背靠青山，四季花开。【全海景玻璃栈桥】全海景玻璃栈桥位于亚龙湾热带天堂森林公园之巅，最高处海拔450米，为全海景玻璃栈桥。玻璃栈桥依山而建，全长400米，由130吨超白进口夹胶玻璃构成，包括凌空台、七彩天梯、彩莲观景台、彩虹之路、山盟海誓及心心相印等景点。栈桥路面全部使用3M*3M的超大单体透明玻璃铺设，在栈桥上行走，上可仰观天高云淡，下可俯视逾百米深的雨林山谷，前可俯视亚龙湾全景，胆战心惊之余，更可享受凌空而行的快乐。【雨林飞漂】雨林飞漂又被称为“林上飞水上漂过山车”。飞漂滑道由高强度钢化双层夹胶玻璃构成，全长3100米，落差280米，相当于从93层高的楼顶往下飞速滑落。飞漂全程有弯道28处，总长600米，其中C型弯道17处，S型弯道11处，更有多处连续S型大转弯。雨林飞漂宛如林上飞水上漂的过山车一般，时而飞掠雨林之巅，时而穿越密林深处，时而俯瞰山海美景，时而探密雨林奇观。体验者在享受惊险与刺激的同时，可近距离接触根抱石、高板根等热带生态奇观，还可与热带常见的巨型蜘蛛、眼镜蛇、大象、猕猴、鳄鱼、长颈鹿等野生动物来一次亲密互动。【兰花谷】兰花谷主要以展现原生态的热带雨林特色景观为主，在谷内长达1000多米的回形步道上藤萝密布，溪水潺潺，多种兰花争奇斗艳、竞相开放，谷内步行登山线路沿途遮天蔽日，参天巨榕、百年古藤、野生桄榔及热带雨林六大奇观随处可见，踱步雨林中，你能感受阵阵清新凉意。在这里，你能卸下繁杂的纷扰，穿越雨林栈道，呼吸清新的空气，畅享休闲的快乐时光。【过江龙索桥】电影《非诚勿扰Ⅱ》、电视剧《亲爱的，热爱的》取景地。过江龙索桥横跨两山...,全年 08:00-18:00开放,https://dimg04.c-ctrip.com/images/1lo2512000huodrt11EE4_D_521_391.jpg,0,
102,博鳌亚洲论坛永久会址4A,海南省琼海市博鳌镇远洋大道1号,4.2,6.6,博鳌亚洲论坛永久会址覆盖了海南省琼海市的东屿岛，这里深受欢迎，不容错过的当属那气势恢宏的会议中心、拥有神奇回音效应的祈运台·龙颈穴和玉带滩这个三江入海交汇处的奇特景点了。景区的售票点在岛外，购买门票后，便可乘坐景区的电瓶车经过培兰大桥上岛。整座东屿岛的外形酷似一只鳌，在景区内也随处可见鳌元素。博鳌亚洲论坛早已成为亚洲及其他大洲政府、企业、专家学者等共商经济、社会、环境等问题的平台。景区内的祈运台·龙颈穴是景区的标志景点之一，站在中心的小黄点上，还可以听到自己经久不息的回音，非常奇特。参观完会议厅后，便可乘船前往玉带滩，船票包含在博鳌亚洲论坛永久会址的套票内。玉带滩是海与河交汇处的天然沙滩半岛，一边是波涛汹涌的南海，一边是风平浪静的三江（万泉河、龙滚河和九龙江），景色十分独特。,全年 08:30-17:30开放，玉带滩营业时间09：00-17:20，玉带滩最早一班船的出发时间为09:00，最晚一班船的出发时间为：16:50左右，最晚一班船的返程时间为：17:20左右。,https://dimg04.c-ctrip.com/images/35041f000001fuwcsF15F_D_521_391.jpg,0,
103,天涯海角5A,海南省三亚市天涯区马岭山麓,4.5,8.6,天涯海角位于三亚湾西端，是一片宁静美丽的海滩。海滩上耸立着许多形态各异的岩石，其中有名的是刻有“天涯”和“海角”两块巨石，它们一直被视为爱情的象征，也是三亚标志性的景观之一。清雍正年间，当地官员程哲于命人在此镌刻了“天涯”二字，后又有文人在另一块巨石上题刻“海角”二字，从此就有了天涯海角这个景点。从古至今，关于“天涯海角”有太多的诗词和故事，这里使人们心中的“天涯情结”找到了物化的载体，寓意再遥远的地方我都会陪伴着你，到天涯、到海角。景区除了“天涯石”和“海角石”，其他有名的石刻还有“南天一柱”和“日月石”，“南天一柱”象征财富，日月石象征着爱情。此外，景区的名人雕塑园、情侣树等特色景点也值得一看。,01/01-02/28 08:00-18:30开放;03/01-10/31 08:00-19:00开放;11/01-12/31 08:00-18:30开放,https://dimg04.c-ctrip.com/images/1lo2w12000bkakwfv4046_D_521_391.jpg,0,
104,海口观澜湖火山温泉谷,海口市龙华区龙桥镇观澜湖大道1号海口观澜湖旅游度假区(绕城高速和东线高速拐角处),4.6,6.1,海口观澜湖火山温泉谷是海口有名的温泉度假中心，绿荫环绕，环境雅致，蕴含了五大洲不同风格的设施，可体验功能各异的火山岩矿温泉，还拥有设计独特的水疗中心。漫步于景区内，满目青翠，中西经典风格建筑相结合，客家围屋、城堡、欧式山水花园等巧妙结合，沿着竹制的“龙脊长廊”可穿梭于风格各异的五大洲主题温泉区。温泉水取自地底深达800米的天然热矿泉，温泉池种类也多样，有中式草药泉、日本樱花泉、印度丁香泉等，各具特色。除了享受泡温泉的惬意，这里还拥有几十间护理套房，提供世界各地的经典水疗项目。,"全年 13:00-23:00开放，1、观澜湖户外水乐园暂停营业；
2、温泉各区域开放时间如下：
亚洲及大洋洲区：13:00-23:00；
中东区及非洲区：15:00-23:00；
美洲区：14:00-22:00；
以上信息仅供参考，具体以当日实际公示信息为准。",https://dimg04.c-ctrip.com/images/0104a120008l3qvpi2ABE_D_521_391.jpg,0,
105,五指山水满河热带雨林风景区,五指山市水满乡水满上村,4.2,6.6,五指山热带雨林风景区位于五指山脚下的水满乡，这里有着茂密的热带雨林景观，原始黎村的母亲河——水满河流经了整个景区，空气清新，风光旖旎。在景区内还可正面远眺五指山，领略它的巍峨壮观和大自然的鬼斧神工。游玩五指山热带雨林风景区以步行为主，景区内古树参天，藤萝密布，奇花异草随处可见。在眺望台可欣赏到五指山巍峨耸立，五峰并列如撑天五指，在云海中时隐时现的美景。水满乡是黎族聚居地，群山环抱中的黎族民居更是幽静而美丽。,全年 08:30-16:30开放,https://dimg04.c-ctrip.com/images/0106512000j18awdxD1F7_D_521_391.jpg,0,
106,西岛4A,海南省三亚市天涯区肖旗港码头,4.5,8.9,西岛，位于三亚湾的中心位置，是海南的原住民旅游海岛，全岛面积2.8平方公里。岛上风景秀丽，海水清澈见底，是一个集海滨风光、沙滩浴、休闲娱乐、海洋探险于一体的综合性旅游区。除了水上娱乐，也可以上牛王岛（牛王岭）游玩，牛王岛是一座与西岛几近相连的袖珍小岛，乘电瓶车经环岛西路和一条长长的海上栈道便可抵达。这里拥有原始的海岛风光，登高远眺，可以欣赏到壮阔的海天一色、鬼斧神工的礁石景观、雄浑的日出日落，向北可一览三亚的城市风光，向南可纵观浩瀚的南中国海。潜水西岛享有“潜水圣地”的美誉，有专设的潜水海域，海水清澈湛蓝，海底生物种类繁多，在这里您可以纵身海底，盘恒于珊瑚丛中，感受被珊瑚礁簇拥，与鱼群共舞的乐趣。海上运动被三亚湾环抱着的西岛，湛蓝萦绕、水阔潮平，是开展海上运动的天堂；在这里可以尽情体验海上速度与激情的较量，将自己置身在蔚蓝的大海中，感受动感刺激的独特魅力，尽情享受纵身海洋的欢乐时光。帆船、拖曳伞、水上飞龙、摩托艇、香蕉船、飞鱼船、动感快艇等20多项海上运动任你选择~,"全年 08:00-17:30开放，船舶发班为滚动发班。航行时间约15-20分钟。
(离岛)未班船时间为19:00。营业时间、下岛时间受海况、天气、客流量的影响会随时调整，实际情况请以当天实时通知为准。",https://dimg04.c-ctrip.com/images/350w1a0000019y9wb8250_D_521_391.jpg,0,
107,南山文化旅游区5A,海南省三亚市崖州区南山村,4.7,8.7,南山文化旅游区是我国有名的宗教与福寿文化景区，在这里既能欣赏山海自然美景，还可拜访众多佛教名胜、参观举世闻名的“南山海上观音”，获得佛教文化带来的心灵荡涤，体味回归自然本真的乐趣。领略佛教造像艺术的璀璨南山文化旅游区内遍布气势恢宏的佛教建筑，108米高的南山海上观音庄严壮观，三十三观音堂、南山寺内都不乏形态各异、精雕细琢的佛教圣像。祈福许愿、拜求平安我国传扬千古的名句“福如东海，寿比南山”，道出了南山与福寿文化的悠久渊源，是祈福佳选之地。推荐路线：不二法门-南山寺-三十三观音堂-南山海上观音不二法门是景区的大门景观，寓意了佛教的大智慧，一般均由此进入景区。离这约几百米处便是景区接驳车的起始站。南山寺、三十三观音堂都是景区内的热门景点，尽头的南山海上观音更是来此必看。南山海上观音：屹立于南海之上的百米观音像高108米的观音菩萨圣像立于南海碧波之上，这座圣像不仅是南山文化旅游区的地标，也是众多佛教信徒的朝拜圣地。观音像巍峨壮观，一体化三尊，分别持珠、持箧、持莲，寓意着慈悲、智慧、和平。游玩时除了远观近看外，还可乘坐电梯或步行登上观音像的莲花底座，摸一摸佛脚，诚心祈福。南山寺：气势恢宏的大型寺院南山寺是一座盛唐风格的大型寺院，其规模在华南地区首屈一指，整体气势恢宏，庄严肃穆。寺内的金门（即大雄宝殿）、兜率内院、仁王门均是必到之处。寺内有免费赠香，可以诚心一拜。三十三观音堂：工艺精湛的观音群像三十三观音堂内供奉着观世音菩萨的三十三种应化法身群像，造型各异，金碧辉煌，非常值得一看。在这里还可以免费抄经书，感受佛教文化的洗涤。,全年 08:00-17:00开放，17：00后景区室内、寺庙景观停止开放,https://dimg04.c-ctrip.com/images/0101i12000924znz8C79B_D_521_391.jpg,0,
108,保亭黎族苗族自治县城镇社区人口文化室,保亭黎族苗族自治县文化路万平嘉园南侧约30米,0,0,暂无简介,未知,https://dimg04.c-ctrip.com/images/0HJ5n12000g2u7fvn6F69_D_521_391.jpg,0,
109,乐东黎族自治县图书馆,海南省乐东黎族自治县抱由镇人民路4号,5,2.1,暂无简介,"全年 周一-周四 08:00-12:00,15:00-18:00开放;全年 周五 08:00-12:00开放;全年 周六-周日 09:00-12:00,15:00-18:00开放，具体营业状态以当天开放情况为准",https://dimg04.c-ctrip.com/images/0102i12000b2wg8zl5FAE_D_521_391.jpg,0,
110,海南槟榔谷黎苗文化旅游区5A,保亭黎族苗族自治县三道镇甘什岭槟榔谷,4.4,7.5,海南槟榔谷黎苗文化旅游区创建于1998年，地处北纬18°，位于保亭县与三亚市交界的甘什岭自然保护区境内。景区坐落在万余棵亭亭玉立、婀娜多姿的槟榔林海，并置身于古木参天、藤蔓交织的热带雨林中，规划面积5000余亩，距亚龙湾海岸26公里，距三亚市中心28公里。 槟榔谷因其两边森林层峦叠嶂，中间是一条延绵数公里的槟榔谷地而得名。景区由非遗村、甘什黎村、谷银苗家、田野黎家、《槟榔·古韵》大型实景演出、兰花小木屋、黎苗风味美食街七大文化体验区构成，风景秀丽。景区内还展示了十项国家级非物质文化遗产，其中“黎族传统纺染织绣技艺”被联合国教科文组织列入非物质文化遗产急需保护名录。槟榔谷还是海南黎、苗族传统“三月三”及“七夕嬉水节”的主要活动举办地之一，文化魅力十足，是海南民族文化的“活化石”。﻿,11/18-01/27 08:10-17:30开放;01/30-02/28 08:10-17:30开放;03/01-10/31 08:30-18:00开放;01/28 08:10-16:00开放;01/29 09:30-17:30开放,https://dimg04.c-ctrip.com/images/0102v120008ghva1hC794_D_521_391.jpg,0,
111,秦始皇帝陵博物院(兵马俑)5A,西安市临潼区秦陵北路,4.7,9.7,秦始皇兵马俑博物馆又称兵马俑、秦兵马俑。它是秦始皇陵的陪葬坑，与秦始皇帝陵一同组成了：秦始皇帝陵博物院。秦始皇兵马俑素有世界第八大奇迹之称。这里出土的一千多个士兵陶俑，形象各不相同，神态生动，是中国古代雕塑艺术史上的一颗璀璨明珠，被誉为“二十世纪考古史上的伟大发现之一”。历史背景秦始皇从13岁即位时就开始营建陵园，前后将近使用了72万人力，修筑时间长达38年，工程浩大。直至秦始皇去世陵园都未修建完成，由秦二世胡亥继续修建1年多才完成。传闻中，秦始皇耗费无数人力物力财力，为自己建造了一个地宫，而兵马俑就是地宫的守卫者。秦兵马俑可谓以俑代人殉葬的典型。秦俑之所以在规模、写实程度上达到如此的高度，除了工匠的智慧之外，还与这个皇帝的意志分不开。1974年3月，陕西省临潼区西杨村的农民打井时偶然发现了一些陶俑的残片，经考古工作者一年多的勘探和试掘，确认它是一座大型的俑坑，这就是举世闻名的一号兵马俑坑。1976年4月、5月在一号俑坑的两侧，又发现了二号、三号兵马俑坑，每个坑的大小形状、出土器具各有不同。有学者认为，三号坑是统帅一、二号兵马俑坑的指挥部，古代称为“军幕”。在秦兵马俑陪葬坑遗址上建立的秦始皇兵马俑博物馆1979年正式开放，主要参观点包括秦兵马俑一、二、三号坑、铜车马陈列厅及相关临时展览。参观导览博物馆门票可以参观包括一号坑在内的三个兵马俑坑和出土文物陈列室、铜车马展厅、秦始皇陵。这里出土的兵马俑根据装束、神态、发式的不同，可分为将军俑，武士俑，车士俑等，每一个陶俑的脸型、发型、体态、神情都各不相同。陶俑、陶马原本都是彩绘，由于后来的火烧和浸泡，大多已剥落变色。景区中的一号俑坑是较早发掘出来的。俑坑东西长约230米，南北宽约62米。根据试掘已出土陶俑、陶马的排列密度推算，一号兵马俑坑内约埋藏陶俑、陶马六千件，同时还有大量的青铜兵器。一号坑也是目前拼凑完成较令人震撼的一个展厅，你可以看到庞大的士兵陶俑军队矗立在俑坑内，形态各异，据说光是胡子的造型就有三十多种。仔细观察，每一个士兵都栩栩如生，从盔甲到表情，从武器到手掌上的纹路，无一不令人惊叹。二号坑和三号坑分别在一号坑的两旁。和一号坑一样有真人、真马大小相似的陶俑、陶马近二千件。有车兵、骑兵和步兵等不同的兵种，排列整齐有序。震撼虽然不如一号坑，但是因为每个俑坑的队伍、作用都不同，所以同样值得一看。兵马俑的塑造，是...,03/16-11/15 08:30-18:30开放;11/16-01/28 08:30-18:00开放;02/04-03/15 08:30-18:00开放;01/29-02/03 07:30-19:00开放,https://dimg04.c-ctrip.com/images/0104012000f6rbl4996B9_D_521_391.jpg,0,
112,西安城墙5A,陕西省西安市碑林区南大街2号,4.6,9,西安城墙，是古都西安的标志性景观，也是我国迄今保存甚是完整的古城墙之一。全长约14公里是在唐代皇城的基础上建成的，包括护城河、角楼等一系列设施。历史背景：西安城墙又称西安明城墙，现存城墙为明代建筑，全长13.7千米，始建于明太祖洪武三年（1370年），于洪武十一年（1378年）竣工，是在明太祖“高筑墙、广积粮、缓称王”的政策指导下，在隋、唐皇城的基础上建成的。之后明太祖朱元璋将次子朱樉册封为秦王，藩封、府治同在一城，因而城池规模宏大坚固，再加上后来明清屡次修葺、增建，至今保存完好。2004年初，西安市含光门段城墙道路工程施工，陕西省文化遗产研究院受有关部门委托，配合工程，对该处暴露的城墙断面展开考古调查，认定它结构复杂，时间跨度从隋唐至现代，历经五次大的修筑而成，十分具有历史价值。城墙结构：城墙上的建筑分为：敌台、正楼、箭楼、闸楼和角楼城门西安城墙现有城门18座，从永宁门开始顺时针依次为：永宁门、朱雀门、勿幕门、含光门、安定门、玉祥门、尚武门、安远门、尚德门、解放门、尚俭门、尚勤门、朝阳门、中山门、长乐门、建国门、和平门、文昌门。其中只有永宁门完好的保存了三道城墙，这是当时因为军事防御的需要，安远门、长乐门、安定门因时间久远，只剩下了两道城墙。而城墙边的门洞都是民国时期建造的。其余十四座城门均为后期修建。,"全年 08:00-23:00开放;国庆节 08:00-23:00开放，8:00-22:00：永宁门(南门)南口、永宁门(南门)北口、中山门(小东门)、建国门
8:00-20:00：长乐门（东门）、安定门（西门）、安远门（北门）、文昌门 、含光门、西北城角登城口、东北城角登城口、尚德门
即日起，永宁门(南门)南口、永宁门(南门)北口、文昌门、勿幕门(小南门)登城口营业时间延长至每晚23:00...",https://dimg04.c-ctrip.com/images/0100f120005q6fsy8B56A_D_521_391.jpg,0,
113,华山西峰索道,渭南市华阴市华山风景区内,4.7,7.2,华山西峰索道是迄今为止世界上第一条采取崖壁开凿硐室站房、起伏式走向、设中间站的单线循环脱挂式索道，索道设备自法国引进，采取全程数字自动化控制系统达世界水平。索道下站设在瓮峪内东沟口，中间站设在仙峪白缺寺，上站设在华山西峰巨灵足南侧下绝壁硐室内。索道线路斜长4211米，相对高差894米，支架28个，客运吊厢84个，吊厢间距为115米，每厢可乘8人，运行速度6米/秒，单向运量1500人/小时。,全年 07:00-19:00开放,https://dimg04.c-ctrip.com/images/0106t1200087e1l745781_D_521_391.jpg,0,
114,陕西历史博物馆4A,陕西省西安市雁塔区小寨东路91号,4.6,8.6,历史背景：陕西历史博物馆位于西安大雁塔的西北侧，是西安的名片性景点之一。博物馆筹建于1983年，1986年夏天动工，1991年6月20日正式建成开放，并定名陕西历史博物馆。2016年，陕西历史博物馆被中国文物学会、中国建筑学会评选入“中国20世纪建筑遗产”。博物馆特色：陕西历史博物馆是大型现代化博物馆，它的建成标志着中国博物馆事业迈入了新的发展里程。这座馆舍为“中央殿堂、四隅崇楼”的唐风建筑群，主次井然有序，高低错落有致，气势庄重，融合了民族传统、地方特色和时代精神于一体。馆区占地 65000平方米，收藏着上起远古人类初始阶段使用的简单石器，下至1840年前社会生活中的各类器物38万余件文物，时间跨度长达一百多万年。文物不仅数量多、种类全，而且品位高、价值广，馆中藏品可谓琳琅满目、精品荟萃。是展示陕西历史文化和中国古代文明的艺术殿堂，被誉为“古都明珠，华夏宝库”。博物馆内有许多珍品，商周时期的青铜器、历代陶俑、汉唐的金银器具和唐墓壁画等珍品文物，而且大多为汉、唐盛世时期的珍宝，其中不乏国家禁止出境的精品。馆藏珍品：博物馆中央有三个展厅，第一展厅展示了从史前文明115万年前蓝田猿人到秦朝这一段时期的文物；第二展厅展示了两汉与魏晋南北朝的文物；第三展厅则以盛唐的文物为主。每个展厅都有自己的镇馆之宝。中央大厅的东、西两侧都设有特殊展厅。西侧设有“大唐遗宝专题展（珍宝馆，何家村出土文物）”，很多盛唐时期的金银器精品都转移到这里展出。东侧设有“唐代壁画珍品展”，展出了一批唐墓壁画的真品。旟鼎旟 [yú] 鼎放在博物馆进门第一展厅的位置，可谓是第一展厅的镇馆之宝。这里放置的是复制品，真品保留在仓库中。外壁铭文：铭文“普天之下，莫非王土；率土之滨，莫非王臣”的字样，反映了西周时期的土地占有制度。旟鼎内壁共铸铭文四行，28字，大意是说：某年八月初，王姜将原赐予师栌的土地收回，转赐给旟，旟便做此鼎纪念。皇后玉玺：第二展厅中值得一看的珍宝之一，便有这尊单独陈列的汉代皇后玉玺。这枚玉玺通体为新疆和田羊脂玉所作，上刻有一螭虎，象征王权。三彩载乐骆驼俑：这尊举世闻名的三彩载乐骆驼俑就位于陕西历史博物馆的第三展厅，整体外观、颜色均保存完好。骆驼背上坐了七个男子，手里拿着不同的乐器。其中的执拍板俑，侧耳凝神，像是被那美妙音乐所陶醉。中间的女性正在表演，骆驼张着大嘴，仰面向天，仿佛也在配合...,03/15-07/01 周二-周日 08:30-18:00开放;01/01-02/02 周一 全天不开放;02/04-10/06 周一 全天不开放;10/08-12/31 周一 全天不开放;07/02-08/31 周二-周日 08:30-18:30开放;09/01-10/06 周二-周日 08:30-18:00开放;10/08-11/14 周二-周日 08:30-18:00开放;11/15...,https://dimg04.c-ctrip.com/images/0103k120006t7ckgl8C33_D_521_391.jpg,0,
115,大唐芙蓉园5A,西安市曲江新区芙蓉西路99号,4.3,8.6,国家5A景区大唐芙蓉园，坐落于西安城南的曲江新区，与大雁塔遥遥相望，占地面积为998亩，其中水域面积300亩，绿地面积440亩，建筑面积近 10万平方米。园区建筑由中国工程院院士张锦秋先生担纲总体规划与建筑设计，日本园林大师秋山宽先生承担园林景观设计，是一个全 方位展示盛唐风貌的大型文化主题遗址公园。自2005年4月11日（农历三月初三）正式对外开放以来，一直致力于打造高品质、高标准的品牌旅游景区。大唐芙蓉园以建成“历史之园、精神之园、自然之园、人文之园、艺术之园”为目标，特别邀请了中国唐代文学学会的十多位唐史、唐诗、唐画、唐建专家、博士生导师、研究员以及旅游专家组成的专家小组对大唐芙蓉园的历史文化内容进行重新挖掘和整理，对全园景观进行了重新规划与定位，划分出了帝王文化区、女性文化区、诗歌文化区、科举文化区、茶文化区、歌舞文化区、饮食文化区、民俗文化区、外交文化区、佛教文化区、道教文化区、儿童游乐区、大门景观文化区、水秀表演区等十四个景观文化区，全方位再现了大唐盛世的灿烂文明。 园中亭台楼阁、雕廊画栋，包括有紫云楼、仕女馆、陆羽茶社、杏园、彩霞长廊、曲江流饮、丽人行、唐诗峡、茱萸台等景点二十多个，集中展示了唐王朝辉耀四方的精神风貌和璀璨多姿、无以伦比的文化艺术，被称为“国人震撼，世界惊奇”的旅游胜地。园区主题演出大型水舞光影秀《大唐追梦》，乘船环游，共赴梦幻圣境；大型超维度情景舞剧《梦回大唐》恢宏大气，如梦似幻；唐代宫廷燕乐《鼓》，演绎人类非遗东仓鼓乐；以及新春大潮会、上巳节、曲江花月宴等精品文化旅游活动品牌及项目。每日多场免费景点精彩演出，是向游客发出的来自大唐皇家的盛情邀约，让他们能够震撼地体验到皇家文化的神圣恢弘。作为一座品质卓越、富有个性、文化内涵丰富的主题遗址公园，大唐芙蓉园更是西安向世界展示长安古老历史底蕴和大唐盛世的一扇文化之窗和吸引世界了解中国的文化国门……,全年 09:00-22:00开放,https://dimg04.c-ctrip.com/images/0103v12000aqxg06r2685_D_521_391.jpg,0,
116,秦始皇帝陵博物院-丽山园,陕西省西安市临潼区秦始皇帝陵博物院内,4.5,6.4,秦始皇陵位于西安市郊，是中国历史上第一位皇帝秦始皇嬴政的陵墓，在中国帝王陵墓中，以其规模宏大而著称。目前皇陵没有被挖掘，你可以在陵墓的周边徘徊思古。事死如事生皇陵建于公元前246年至公元前208年，历时39年。皇陵集中体现了“事死如事生”的礼制，完全仿照当时秦国都城咸阳的布局而建造，有内外两重夯土城垣，象征着都城咸阳的皇城和宫城。陵冢（也就是那个大封土堆，秦始皇的坟丘）位于内城南部，呈覆斗形，现高约50米。两千多年的岁月沧桑，皇陵地面上的主要遗迹只剩下那座高大如山的陵冢。目前景区内通过栽种植物带勾勒出城垣的轮廓，以及醒目的标识、标牌，让游客可以了解到当年城垣的走向、范围和位置。至今未发掘因现有科技条件的制约，秦始皇陵的地宫至今还未挖掘。传说中始皇帝的地宫内，以各类宝石为日月星辰，以黄金和玉石为山川，以水银为江河湖海，以南海鲛人炼油成灯，千年不灭。游客在皇陵内还可以去位于东南部的百戏俑坑（又称9901陪葬坑）和封土堆西南侧的文官俑坑（又称0006陪葬坑）进行参观。,全年 08:30-18:00开放,https://dimg04.c-ctrip.com/images/0102q12000f6ts48xCF15_D_521_391.jpg,0,
117,乾陵5A,咸阳市乾县城北6公里梁山上,4.5,7.1,乾陵，位于咸阳市乾县城北6公里的梁山上。乾陵修建于公元684年，经过23年的时间，工程才基本完工，陵区仿京师长安城建制，四面有城墙，南有朱雀门，北有玄武门，东有青龙门，西有白虎门，但如今陵园的地面建筑，已经基本荡然无存了。独特的夫妻皇帝合葬陵乾陵，是中国乃至世界上独特的一座两朝帝王、一对夫妻皇帝合葬陵，里面埋葬着唐高宗李治和他的妻子——中国仅有的女皇帝武则天。乾陵也是中国古代帝王陵墓中少数没有被盗掘的陵墓，乾陵至今也没有被挖掘过，所谓乾陵出土文物都来自乾陵的陪葬墓，如永泰公主墓、懿德太子墓等。乾陵景区面积较大，除了乾陵外，还有多个陪葬墓，分别埋葬着多位皇亲（太子与公主们）和大臣，目前挖掘的主要有章怀太子墓，懿德太子墓和永泰公主墓。乾陵博物馆就是建在永泰公主墓的遗址上，博物馆中展出的文物以唐三彩、彩绘俑和壁画等为主，其中《宫女图》是壁画中的精品。懿德太子墓旁也有文物陈列室，但规模不大，章怀太子墓的墓道中有精美的壁画，但基本都是复制品，真品保藏在陕西历史博物馆内。博物馆和陈列室都无需另外付费。游览景区方式游览乾陵景区可以全程步行，景区还提供了观光车（车费不包含在景区门票内，30元/人），观光车来往于乾陵与其余的三个陪葬墓之间。游客在景区大门售票处可以购买观光车的车票，持车票的游客，在景区内的各观光车站台可以多次上下车。售票处靠近乾陵，三个陪葬墓位于售票的南部，从乾陵到懿德太子墓步行约15分钟，从懿德太子墓到永泰公主墓步行也需要约15分钟，游客可以根据自身情况决定是否乘坐观光车。六十一蕃臣像，很赞乾陵虽然没有被发掘，但也是有很多看点。在朱雀门外的神道东西两侧，分布着两组石人群像，整齐恭敬地排列于陵前。西侧32尊，东侧29尊，共61尊。这些石人残像的大小和真人差不多，但都是没有头的石像（都被敲掉了），人们习惯上把这些石像称之为“蕃像”，也称“六十一蕃臣像”。这些与真人大小相仿的石人，穿着打扮各不相同，但他们都双双并立，两手前拱，姿态极为谦恭。至于为什么六十一尊石像都没有“头”，至今没有个准确的说法。著名的无字碑无字碑，也是乾陵的另一个看点。在朱雀门外的司马道东侧，耸立着闻名于世的“武则天无字碑”。在整个乾陵陵园的石雕中，无字碑不仅位置醒目，而且雕刻艺术精湛，这块无字碑后，充满了种种富于传奇色彩的传说故事。无字碑上为何无字，民间出现了三种说法。第一种说法认为，武则天立...,12/01-02/28 08:30-18:30开放;03/01-11/30 08:00-18:00开放,https://dimg04.c-ctrip.com/images/1A01170000011wzhv7AD8_D_521_391.jpg,0,
118,白鹿原滑雪场,陕西省西安市灞桥区水安路86号,4,4.8,西安白鹿原滑雪场位于西安市纺织城东南6公里处，是集滑雪、滑圈、戏雪、赏雪、踏雪等多种户外运动项目为一体的绿色生态运动场所，可实现昼夜滑雪。滑雪场面积约2万平米，主雪道长300米，宽60米，呈7度坡，适合初中级滑雪爱好者作为练习场地长期使用。该雪道作为陕西省内较宽的雪道，配合适宜的坡度，可使练习者在滑雪过程中不撑雪杖就能滑行S路线。,"12/18-03/05 08:30-23:00开放，早场票：
游玩时间：08:30-12:00 换票时间：08:30-10:00 退场时间：12:00前退场
夜场票：
游玩时间：18:00-23:00 入场时间：18:00 退场时间：23:.00",https://dimg04.c-ctrip.com/images/0101q12000f6t5z5wC83C_D_521_391.jpg,0,
119,陕西历史博物馆秦汉馆,咸阳市渭城区兰池三路东段,4.8,6.7,陕西历史博物馆秦汉馆位于西咸新区秦汉新城秦创原·渭河科创带核心区域，是大型综合文旅项目大秦文明园的重要组成部分，是集文物保护、陈列展览、学术研究、科普教育、旅游服务等功能于一体，具有浓郁传统风格的现代化博物馆陕西历史博物馆秦汉馆采用高台建筑的外观形式，将陈列区设于一层高台之内，旅游服务等公共活动区设于高台上的“殿堂”之中，不仅能满足博物馆不同功能的使用要求，还呈现出秦汉宫殿“高台榭、美宫室”的高台建筑造型特征。摊开馆区平面，各单体按照“渭水贯都，以象天汉，横桥南渡，以法牵牛”布局分布，以北斗七星中的摇光、开阳、玉衡、天权、天玑五星组成对称布局，通过架空连廊互相连接，以玉衡为中心确定的轴线，设定在秦咸阳宫一号宫殿的中轴延长线上。其中，主体建筑在采用高台建筑形式、满足不同功能的同时，还呈现出秦汉宫殿“高台榭、美宫室，复道行空，横桥卧波，冀阙凌空，宫苑结合”等特征。高台建筑起源很早，殷商鹿台、周之灵台，从战国至秦汉，筑台之风盛极一时。博物馆采用高台建筑的外观形式，将陈列区设于一层高台之内，旅游服务等公共活动区设于高台上的“殿堂”之中。秦汉馆将以“秦汉文明”为主题，展览叙述结构采用“大历史+小专题”形式。内部共分五大展厅，展陈面积约1.13万㎡，包括主展厅“秦汉文明”、遗址展厅“城与陵”、艺术展厅“技与美”、临展厅和公众考古中心。核心主展厅从秦汉两代的政治、经济、军事、文化、科技、对外交流等方面，多层次、多角度地阐述该时期在中华文明发展进程中的成就和作用——这不仅是我国古代政治制度创建的时代，也是学术思想奠基的时代，更是以“汉族”为主体的中华民族形成的时代。两侧展厅为常设专题展“城与陵”和“技与美”，既是对基本陈列“秦汉文明”的呼应与深入阐释，又分别从考古与艺术两个方面展示秦汉文明的灿烂与辉煌。具体看，“城与陵”旨在以考古发掘成果为依据，通过对雍城、栎阳、咸阳、长安四处大遗址的剖析，探讨都城与陵墓作为文明社会所形成的真实载体，在中华文明不间断发展过程中的地位。“技与美”则主要借助雕塑、壁画、画像石、陶制模型等物质遗存，展现秦汉时期人们丰富且多元的形象世界，也揭示当时人们对于宇宙、生死的理解。向外再延伸的临展厅能够实现一厅多用效果，在这里，临时展览、学术会议和讲座沙龙均可举行，拟打造成秦汉考古与历史研究中心。而现如今，博物馆也在摆脱传统展陈的枯燥无味，加入大量可感知、...,"01/01-01/27 周一, 周三-周日 09:30-17:00开放;01/29-12/31 周一, 周三-周日 09:30-17:00开放;01/01-01/27 周二 全天不开放;01/29-12/31 周二 全天不开放;01/28 09:30-17:00开放",https://dimg04.c-ctrip.com/images/0106k12000hzo92avC9F7_D_521_391.jpg,0,
120,华清宫5A,陕西省西安市临潼区华清路38号,4.5,9.2,华清宫（华清池 • 骊山）景区位于西安城东30公里，与兵马俑相毗邻。因其亘古不变的温泉资源和众多历史事件享誉海内外，成为中国唐宫文化旅游标志性景区。【宫内胜景】▲华清宫历史悠久，周、秦、汉、隋、唐等历代帝王在此建有离宫别苑，宫内集中着唐御汤遗址博物馆、西安事变旧址——五间厅、九龙湖与芙蓉湖风景区、唐梨园遗址博物馆等文化区和飞霜殿、万寿殿、 长生殿、环园和禹王殿等标志性建筑群。▲“温泉颂”碑骊山温泉因开发利用早且备受历代帝王的青睐，享有“天下第一御泉”的美誉。早在6000年前的仰韶文化时期，姜寨先民就开始利用骊山温泉。源远流长的骊山温泉凝聚着丰富的文化内涵，是中华民族历史文化中不可或缺的重要组成部分。景区内的这块温泉颂石碑高154厘米，宽72厘米，厚19厘米，盘龙螭首，梯形跌座。是北魏雍州刺史元苌篆刻，碑文写到“温泉乃自然之经方，天地之元医，干城万国之民，怀疾枕菏之客，莫不宿粮而来宾，疗苦于水”，此碑是华清宫现存最早的文字实物资料。▲唐御汤遗址博物馆这里就是《长恨歌》中描述杨贵妃出浴场景的浴池所在地，在安史之乱后，原来的建筑残存无几。1982年，临潼县人民政府在修建“贵妃亭”时，偶尔发现了唐代浴池遗址，后经发掘整理，建成唐华清宫御汤遗址博物馆。这个汤池小巧灵珑，设计独特，东西长3.6，南北宽2.9，形近似椭园形。池壁全由青石拼砌而成，汤池上下两层的台式结构，由18组卷石拼砌而成。池中有供杨贵妃沐浴时的专用的长条石，刻有“杨”字纹样。池底中间有一直经为10厘米大小的进水口。这里出土了一汉白玉雕刻的莲花底座，底座上莲接喷头，下接陶水管道与总水源相接，温泉水因自然压力通过管道从莲花喷头四散喷出，这洒落下来的水雾呢，也就和今天的淋浴相差无几。贵妃池东边紧挨着的便是唐玄宗专用的御汤。唐时池上建有九龙殿，殿外有白玉雕成的九条龙，口喷泉水。此汤平面呈写实的莲花状，故又名“莲花汤”。▲西安事变旧址华清宫的五间厅是当年西安事变发生的地方。直到今天五间厅的玻璃窗、墙壁上还保留兵谏发生激战时的弹痕，各房间办公室用的桌子、椅子、床、沙发、茶具、火炉、地毯、电话等，均按原貌复制摆放。历史事件：▲烽火戏诸侯公元前779年，周幽王得美女褒姒，可美人却终日不笑。为此，幽王与奸臣虢石父商议妙计，点燃了骊山烽火台的狼烟。天下诸侯观烽火，速带领兵马救驾，幽王却告诉诸侯：“为取娘娘一笑而举烽火也”，...,03/11-03/13 07:30-18:10开放;03/14-12/31 07:30-18:40开放,https://dimg04.c-ctrip.com/images/100510000000o6ke620CB_D_521_391.jpg,0,
121,莫高窟,酒泉市敦煌市东南25公里处鸣沙山东麓、宕泉河西岸的断崖上,4.4,8.3,莫高窟也称千佛洞，位于敦煌市区的东南侧。石窟始建于东晋十六国时期，石窟开凿历经了千年，直到元朝结束。拥有大量的壁画、石窟、文物等，是全世界闻名的佛教艺术胜地。在这里可以欣赏到规模浩大内容丰富的石窟和壁画艺术，还能通过讲解和电影展示了解到佛教在敦煌上千年的发展历史，是游客游玩敦煌之地。现在的莫高窟景区由莫高窟数字展示中心和莫高窟石窟两部分组成，两者采取联票制，不单独销售。从2014年9月11日起景区实行预约参观制度，游客必须先通过电话或网上预约门票，根据预约的时段进行参观，每天限量6000人入内。游客在预约并取票后，需要先前往莫高窟数字展示中心（不能直接去石窟，否则会无法进入），观看两场关于莫高窟的电影，每场20分钟。一场《千年莫高》为莫高窟的历史文化介绍，帮助游客对莫高窟有更深的了解。另外一场《梦幻佛宫》是球幕电影，展示现在不开放的很多石窟，非常精彩。观看完电影之后乘坐景区的接驳车前往石窟，景区提供讲解，在讲解的带领下分批进入景区，参观一个个石窟，一般每次只能参观8-10个窟，参观时间约1小时左右。莫高窟以壁画和塑像而闻名，非常精彩。环顾莫高窟各中洞窟内，到处都画着佛像、飞天、伎乐、仙女等，有高达九层楼的坐像，也有十几厘米的小菩萨，数量众多，形态各异，可以在讲解的带领下一一了解。参观结束后既需乘坐景区区间车返回火车站附近的数字展示中心处结束游览。,"12/01-03/31 09:00-17:30开放;04/01-11/30 08:00-18:00开放，售、取票时间：7：50-16：00
景区分时预约，根据实际所预约场次参观。",https://dimg04.c-ctrip.com/images/100g0n000000e206y6564_D_521_391.jpg,0,
122,嘉峪关关城5A,甘肃省嘉峪关市峪泉镇关城南路,4.4,8.3,嘉峪关关城位于嘉峪关市西5公里处，这里是明长城的西段。关城始建于明朝。嘉峪关关城位于嘉峪关文物风景区内，门票为通票，需游玩整个景区。景区不算太大，全景区周长约4公里，里面步行即可。若体力不好可在门口租用自行车进行游玩。入口在东侧，进入后首先可以看到黑山石雕群，是现代石匠仿刻的石刻群，展示嘉峪关的历史文化。黑山石雕群共有七个园区可供参观。分别是名人题词园、古诗词园、纪事园、故事园、游击将军石刻园、魏晋墓砖壁画石刻园，黑山石刻园。继续向前可以看到嘉峪关长城博物馆，这是以长城历史文化为专题的博物馆。内部设备先进，展示了长城和嘉峪关的历史、文化、文物风光等。再向前即到达了西边的核心区，在进入关城前可以先到左手边的九眼泉湖游玩。 “九眼泉”旁水草丰美，景色宜人，是一个古代屯军养马、戍边防患的好地方。现在的九眼泉碧波荡漾，清澈见底。“九眼泉”之美，在于它的安静，波澜不惊。关城分为内城、外城，有三个主要的大城楼，城墙上还建有箭楼、敌楼、角楼、阁楼、闸门楼等等建筑。关城内建有游击将军府、井亭、文昌阁，东门外建有关帝庙、牌楼、戏楼等，各自都有历史和特色，值得一一参观。登上城墙远眺，祁连山麓在远方连绵，脚下的戈壁草原壮阔，顿生历史的悲壮之感。景区内还有很多小摊，多为民俗历史特色，有古装合影，卖书法卖字画等，可以一一参观，遇到心仪物品便可消费。景点内还有多种娱乐项目可供选择，有骑马、骑骆驼、沙地跑车和滑翔机等等。,11/01-03/14 09:00-18:00开放;03/15-10/31 08:30-18:00开放,https://dimg04.c-ctrip.com/images/fd/tg/g4/M02/FA/B3/CggYHlYWHNOAXizdACq0ZcWrCmc895_D_521_391.jpg,0,
123,黄河风情线,兰州市城关区南滨河东路北50米,5,4.2,暂无简介,全年 全天开放，具体营业状态以当天开放情况为准,https://dimg04.c-ctrip.com/images/1me4u12000c0ed3xcF1D2_D_521_391.jpg,0,
124,甘南藏族自治州博物馆,舟曲东路与当周街交叉口东南侧,4.7,3.2,博物馆成立于1986年，展厅面积601平方米，馆藏各类文物2381件，其中珍贵文物185件，以民族文物和红军文物为特色。,具体营业状态以当天开放情况为准,https://dimg04.c-ctrip.com/images/100v160000010qqu70AC7_D_521_391.jpg,0,
125,麦积山石窟,甘肃省天水市麦积区麦积镇麦积山风景区内,4.5,7.5,麦积山石窟是西北著名的石窟之一，与云冈石窟、龙门石窟和莫高窟一起被并称为“中国四大石窟”。石窟开凿始于十六国后秦时期，经过历代开凿修葺，共有佛像七千余尊，壁画一千多平方米，分布在近两百个洞窟里，并完整保持至今，十分珍贵。2014年，石窟还与丝绸之路上的其他胜地一起被列入了世界文化遗产名录，名扬海外，来此便可尽情观看。石窟所在的麦积山是一座岩壁陡峭、绿植环抱的孤山，景色清秀，登上山崖上的悬空栈道，既可以观赏佛教艺术，又能欣赏周围的景色，还能体验到脚下隧道的惊险刺激。麦积山石窟是麦积山风景名胜区的主要景点，麦积山位于甘肃省天水市市区东南50公里处，从天水市区便有公交车可以到达。麦积山本身就风景优美，麦积山风景名胜区的门票分为含石窟和不含石窟两种，价格不同，游客可以根据自己需要选择。不过绝大部分游客来此都是慕石窟之名而来，所以均会选择观看石窟。从景区大门到石窟山底的停车场约有3公里，此处可以步行或乘景区区间车。如果对佛教内涵比较感兴趣的话可以在售票处雇请一位导游。到达麦积山底后便可看到眼前的孤山一整面岩壁全部露在外面，除此之外周围随处都是绿意盎然，景色秀丽。而岩壁上则修筑了一层层的悬空栈道，悬空栈道非常险要，至高处有六百多米，在栈道之间开凿了多座大大小小的洞窟和佛像，在山下拍照非常壮观。远观之后便是近距离参观佛窟，麦积山石窟的游览路线十分简单，只要沿着山体间修筑的木制栈道层层而上，沿途一座座石窟参观即可。脚下的木制栈道现在好多已用水泥加固，所以向下观看虽会有些刺激吓人，但还是非常安全的。麦积山石窟保存完好，现在除了少部分特窟不对外开放，大部分都在供游客参观。步行在栈道上时，可以看到在一开始佛窟的规模并不壮观，佛像较小，而且好多使用了铁丝网保护起来。不过越往后走，佛像的规模就越大，也不再进行隔绝，而且很多窟内佛像都有多尊，十分壮观。在参观石窟时，可以着重观赏一下135窟（天堂洞）、142窟、37窟、127窟、44窟等，其中既有反映佛教故事“八王争舍利”中的激烈战争场面的特殊刻画，也有造型精美的飞天造像，都是石窟中的精品，又各具特色。另外，麦积山石窟内还有很多精彩石窟作为特窟，不对常规游客开放，参观需要另外付费，对佛像艺术感兴趣的可以选择参观。,04/01-10/31 08:30-17:30开放;11/01-03/31 09:00-17:00开放，五一、十一等节假日期间参观根据具体情况调整,https://dimg04.c-ctrip.com/images/0101z1200087du7dqD7C6_D_521_391.jpg,0,
126,白银平川红山寺石窟,白银市平川区共红段,5,2.3,红山寺石窟历史悠久，至今仍然保存得很好，石窟内放置有几尊佛像，是一处非常有历史意义的建筑。,全年 全天开放,https://dimg04.c-ctrip.com/images/0ww3w12000946tb5m78F1_D_521_391.jpg,0,
127,雷台公园,甘肃省武威市凉州区北关中路257号,3.8,3.8,暂无简介,全年 08:30-17:30开放,https://dimg04.c-ctrip.com/images/1A011900000163ceg7C1C_D_521_391.jpg,0,
128,东风航天城4A,阿拉善盟额济纳旗航天路中国酒泉卫星发射中心,4.5,6.6,中国酒泉卫星发射中心又称东风航天城，是我国组建综合性试验发射场，也是我国的载人航天发射场，首飞航天员杨利伟从这里飞向太空，中华民族千百年的飞天夙愿圆梦于此。在东风航天城，走进问天阁，了解航天员在出征前的工作、生活、训练场所；踏入历史展览馆了解中国航天发展史；亲临载人航天发射场，近距离感受国之重器，感受中国航天科技的发展历程。深入东方红卫星发射场，在孕育和传承“两弹一星”精神的伟大实践中，基地官兵艰苦创业、无私奉献、科学求实、开拓进取，与科技人员共同创造了我国航天史上标志性的十个第一；在东风革命烈士陵园，缅怀为我国航天事业做出突出贡献的革命先烈们，重温他们的英雄事迹。一、场内参观服务管理费线路为：载人航天发射场、历史展览馆（周一闭馆）、问天阁（遇发射等情况不开放）、飞天公园、东风礼堂（外景），因东风航天城的军事特殊性，参观时根据基地实际情况，五选三进行参观。二、场外参观服务管理费线路为：东风革命烈士陵园、东方红卫星发射场。,全年 09:00-18:30开放，常规参观线路预约须至少提前  1  个工作日的  15:00   提交个人信息进行政审，非密发射观摩预约至少提前  5  个工作日的  15:00  提交个人信息进行政审。,https://dimg04.c-ctrip.com/images/0100w12000f6sd32j97AE_D_521_391.jpg,0,
129,天山天池5A,新疆维吾尔自治区昌吉回族自治州阜康市准噶尔路501号,4.5,8.4,天山天池，又称天池国家地质公园，古称“瑶池”，位于昌吉州阜康市境内，博格达峰的北侧，距乌鲁木齐市约110公里，是新疆有名的旅游胜地。在中国古代神话中，天池还是西王母娘娘沐浴的地方。天池湖面海拔1910米，深处达105米，湖面倒映着博格达峰，周围云杉环拥，风景犹如仙境。景区内囊括了高山湖泊、湿地草甸、森林峡谷等自然景观。2013年，景区还被国家评为国家地质公园。到天池游玩，千万不要只在湖边游览，你会错过很多惊喜的子景点。推荐徒步线路，湖边码头-海西沙滩，湖边码头-东小天池（飞龙潭）天池景区内共有三处水面，除主湖外，在东、西两侧还有两处水面。东侧是“东小天池”，又名黑龙潭，位于天池以东500米处，潭下为百丈悬崖，瀑布飞流直下，像一道长虹而降，景点名“悬泉瑶虹”。西侧是“西小天池”，又称玉女潭，位于天池西北约两公里处，因池状如圆月，池周围塔松环抱，如遇到皓月当空时，静影沉壁，所以得名“龙潭碧月”，池侧也飞挂一道瀑布，高数十米，水流如银河落地，景称“玉带银帘”。池上有闻涛亭，在亭中观赏瀑布，别有滋味。景区内各景点之间，均有栈道连接，可步行到达。在天池的东岸，有西王母庙，始建于元朝，目前看到的是1999年在原庙址上重建的建筑，里面供奉着王母娘娘，所以也称“娘娘庙”。可徒步沿环湖栈道到达（约2小时），也可乘坐游船到达。看天池湖景视野很好。马牙山需乘坐区间车+索道。断崖崔嵬，石峰林立；远望犹如一排马牙，仰视宛若；乱石争奇，叠岩竞秀，令人目眩神迷。马牙山这种景观是岩石风化作用造成的。 马牙山顶比较平坦，是一片肥美的草原，夏季长满了酥油草，盛开着各色鲜花。站在这里环顾四周，北面的天池风光尽收眼底，东面的博格达峰和南面的雪山云雾似乎近在咫尺，而西面乌鲁木齐的舍田边也历历在目。,04/01-10/31 08:00-21:00开放;11/01-03/31 09:30-19:00开放,https://dimg04.c-ctrip.com/images/0100z1200087e98ny1121_D_521_391.jpg,0,
130,喀纳斯湖,新疆维吾尔自治区阿勒泰地区布尔津县S232,4.8,6.3,喀纳斯湖位于中国新疆阿尔泰山深处，是一个以其神秘和美丽而闻名的高山湖泊。湖水呈现出迷人的蓝绿色，随着季节和天气的变化而不断变幻色彩，宛如一颗镶嵌在群山之间的宝石。湖区周围的原始森林和壮丽的山峰为其增添了无尽的魅力，是摄影爱好者的天堂。喀纳斯湖不仅以其自然美景吸引游客，还因传说中的“湖怪”而增添了几分神秘色彩。无论是泛舟湖上，还是徒步湖畔，游客都能在这里感受到大自然的宁静与壮美，是一个远离尘嚣、放松身心的理想之地。,全年 08:00-20:00开放,https://dimg04.c-ctrip.com/images/0105j1200087dmfwr4A14_D_521_391.jpg,0,
131,火焰山景区4A,吐鲁番市高昌区312国道,4.1,7.4,暂无简介,全年 10:00-18:00开放,https://dimg04.c-ctrip.com/images/0101m120009ec76j34656_D_521_391.jpg,0,
132,新疆维吾尔自治区博物馆4A,新疆维吾尔自治区乌鲁木齐市沙依巴克区西北路581号,4.8,7.8,新疆维吾尔自治区博物馆位于乌鲁木齐市沙依巴克区，是新疆的省级博物馆。博物馆内展示了新疆的历史和各民族的民俗风情，还有干尸馆等国内罕见的展览，展品非常具有新疆特色，有名的“楼兰美女”古尸、“五星出东方”汉代织锦等文物也都可以在这里看到，是乌鲁木齐市内不可错过的景点。博物馆是一座现代化的三层大楼，但也融合了新疆的拱窗、圆顶等建筑风格，很有特点。馆内有几个常设展馆。一楼是新疆民族风情展和新疆古代历史文物展；二楼分为左右两侧，左侧是历代织品展厅和“永远和祖国在一起”主题展览，右侧是古代干尸展和白玉展厅。另外，馆内还经常有一些临时展览和陈列，赶上的话可以前去观看。新疆民族风情展馆在一楼，介绍了维吾尔、哈萨克、蒙古、锡伯等12个新疆主要民族的民俗风情，里面可以看到他们的乐器、生活用品和毡房屋子等展示，还有帽子、围巾等特色服饰，色彩大多艳丽，极具新疆的少数民族风情。比较有特点的是锡伯族的房屋，由于该族是由东北迁来，可以看到他们居住的屋子里还有东北传统的火炕。另外，充满俄罗斯族风情的家具和餐具用品等也十分具有特色。新疆古代历史文物展则由古至今，展示了丝绸之路上多种的出土文物，其中有汉代和唐代的很多中原器物，很有中国古代特色。还有西域的众多文物，可以看到天使等形象的壁画，还有很多西域特色的物件等，是西疆作为东西方联系纽带独有的文物特点，不可错过。二楼的干尸陈列和“永远和祖国在一起”陈列是馆内的精华展览。干尸馆内展示了几千年前古人的尸体，由于新疆气候干燥，这些尸体也免于腐败得以保存至今，非常珍贵。其中的“楼兰美女”古尸更是全馆的精华之一。“永远和祖国在一起”展览中，有“五星出东方”织锦、汉归义羌长印等珍贵文物，其中“五星出东方”织锦更是珍贵，关于它的传说十分精彩，一定要了解一下。,全年 周二-周日 10:00-18:30开放;全年 周一 全天不开放，节假日开放时间另行通知,https://dimg04.c-ctrip.com/images/010011200095zco2o35D3_D_521_391.jpg,0,
133,新疆国际大巴扎4A,新疆维吾尔自治区乌鲁木齐市天山区解放南路510号,4.5,7.4,暂无简介,全年 全天开放，演出时间20:30-21:30,https://dimg04.c-ctrip.com/images/10011f000001h37tn1715_D_521_391.jpg,0,
134,赛里木湖5A,新疆维吾尔自治区博尔塔拉蒙古自治州博乐市30国道旁,4.7,8.8,赛里木湖位于西天山北麓，新疆博尔塔拉蒙古自治州境内西南端。是一个以湖泊、湿地、草原、森林、雪山自然生态景观为主要特色，以观光游览、生态休闲、古丝绸之路北道历史文化探源和蒙哈等少数民族风情体验为主要活动内容的高山湖泊、草原型国家级风景名胜区。赛里木湖一年之中，春夏花海如潮、金秋水天竞碧，冬季更是如梦似幻。冰凌、冰柱、冰帘、冰珊瑚在湖面起舞，冰玫瑰恣意绽放，更有蓝冰之眼乍现，形态万千、变幻莫测。一天之中，朝霞、晚霞、雨雾、云海、雷电、彩虹、雾瀑瞬息万变。赛里木湖的面积很大，环湖公路约六十多公里，湖边四周景色十分秀美。来此大多是从乌鲁木齐出发，下午到达湖边，观赏日落后在湖边住宿，第二天欣赏日出和湖边白天的景致后，前往霍城、伊犁等地游玩。在环湖过程中，还会有一些人文遗迹，比如成吉思汗点将台、影视城等，这些人文建筑安静地伫立在高原的湖边，颇有悲凉沧桑之感。,全年 09:00-21:00开放,https://dimg04.c-ctrip.com/images/1A0q1c000001cndux7CFD_D_521_391.jpg,0,
135,伊犁河谷国家湿地公园,新疆维吾尔自治区可克达拉市,4.7,3.9,伊犁河谷国家湿地公园是新疆生物多样性很丰富的地区之一，是多种水禽的繁殖地、栖息地和迁徙途径，是沿岸各族人民生存的生态环境基础。伊犁河北岸湿地区域生长着高等植物149种，其中有国家二级保护野生植物1种，水体浮游植物72种。栖息着脊椎动物130种，其中鱼类32种，有国家一、二级保护动物18种。规划区及周边伊犁和主河道中的湿地景观类型多样，有河流、沼泽草地、天然次生林、沼泽、沙洲等多种湿地景观类型，孕育着丰富的生物多样性，对于区域生态平衡有重要作用。,全年 全天开放，具体营业状态以当天开放情况为准,https://dimg04.c-ctrip.com/images/0105412000b7b6oat9DA3_D_521_391.jpg,0,
136,黑油山,新疆维吾尔自治区克拉玛依市克拉玛依区油泉路25号,4.1,5.9,黑油山位于克拉玛依东北部，距市中心两公里多。其外观是一个不高的山丘，相对高度只有13米，面积约0.2平方千米。整个山丘成黑色，地表凹凸不平，由被石油浸染的砂岩或被石油凝结的沙砾岩构成，由于石油中挥发份的溢散，地表大面积呈干燥状。克拉玛依” 维吾尔语为“黑油”，故这个天然石油沥青丘且得名黑油山。这座黑色的沥青山以及它地下埋藏的石油在这里已沉睡上亿年。山丘上还有多处油泉，形成众多小油沼，中间是不断涌出的油泡，油呈粘稠状，色泽黝黑。在山丘的顶部，有一座1982年立的花岗岩石碑，呈凌锥状，高2.5米，正面书刻“黑油山”三个大字。黑油山四周景致不凡，东临魔鬼城，西接玛纳斯河小拐绿洲，背倚成吉思汗山。附近现已建成一座黑油山公园，园内孤岛上有一小亭，亭旁立了3棵2亿多年前的松树化石，为罕见珍品。为发扬艰苦创业精神，新疆石油管理局和克拉玛依市1982年10月1日在黑油山树立了近3米高的石雕纪念碑和一座维吾尔老人骑着毛驴弹奏热瓦普的塑像。,全年 10:30-19:00开放,https://dimg04.c-ctrip.com/images/100g12000000s882d13CC_D_521_391.jpg,0,
137,大巴扎歌舞晚宴,乌鲁木齐市天山区解放南路8号国际大巴扎4号楼4-5楼，国际大巴扎餐厅内,4.1,5.9,大巴扎歌舞晚宴是新疆民族歌舞、文化、饮食结为—体的大型歌舞宴会。在国际大巴扎餐厅内，每晚都会上演具有浓郁新疆民族风情的精彩表演。在这里，无论是视觉、味觉、听觉、嗅觉、触觉，都可以感受到别样的异域风情。大巴扎晚宴以分餐制为主，辅以新疆维吾尔族特色的歌舞表演，其间还穿插了阿拉伯舞蹈和乌兹别克斯坦的演唱组合表演，在大饱口福的同时更可大饱眼福。,"全年 20:30-21:30开放，20:00开始进场,演出时间20:30-21:30",https://dimg04.c-ctrip.com/images/0306p120009ns7ubnE2C4_D_521_391.jpg,0,
138,天津之眼摩天轮4A,天津市红桥区三岔河口永乐桥上,4.6,7.5,天津之眼是一座横跨在海河上的摩天轮，就像是桥上的一只眼睛，这里也是天津有名的标志之一，每到夜晚华灯初上时，天津之眼的彩灯柔美，无数游客会来到这里，拍摄全景或是乘坐观光，享受别样的浪漫。游玩天津之眼一般有两种方式，乘坐或是远观拍照。乘坐摩天轮日场80元每人，夜场100元每人。摩天轮运营一圈大约是30分钟，座舱内有空调，可以缓慢的观赏周围开阔的景色，尤其夜晚天黑后华灯初上，十分漂亮。如果要拍摄摩天轮，可以在摩天轮南侧的金刚桥上，站在桥上，三岔河口（海河、南运河、北运河交汇处）就在眼前，柔美的天津之眼展开在眼前，周围是海河两岸的美丽建筑，随便一按就是漂亮的标志照片。,全年 周一 18:00-22:00开放;全年 周二-周日 09:30-22:00开放,https://dimg04.c-ctrip.com/images/100b10000000omp6q72E0_D_521_391.jpg,0,
139,古文化街5A,天津市南开区古文化街,4.6,6.5,古文化街位于天津市南开区，以天后宫为中心，南起水阁大街，北到通北路。这里是天津很有名的传统和手工艺品店铺集中地。可以找到杨柳青年画、泥人张、魏记风筝等众多的手工艺品，还能品尝到经典的天津美食。古文化街目前有上百家店堂，大多是天津传统店铺，充满浓郁的民间特色。这里有出售景泰蓝、苏绣、漆器等的综合性店铺乔香阁；有出售土特产的果仁张、皮糖张、崩豆张；负有盛名的还是民间工艺品店铺，拥有神态逼真的彩绘泥塑的“泥人张”，使用木板印绘年画的杨柳青年画，制作形态各异的风筝的“风筝魏”等，都是游客到古文化街必须去逛一逛的店铺。逛街的同时还可以享受天津特色美食，狗不理包子，煎饼果子，天津麻花等，肯定满足吃货的胃口。店铺早上8:30左右开张，晚上17:30左右打烊，可以注意一下逛街的时间。除了逛街、吃美食，古文化街还有不少名胜古迹，可以好好逛逛看看。天后宫位于古文化街中心，也是古文化街古迹的核心，祭祀保佑出海远航平安的天后娘娘，已有600余年历史。现在是天津民俗博物馆的所在地，馆内介绍了天津城历史、民俗，陈列着明代天津城砖、清代漕运模型、清代水机等文物。戏楼又称“津门老戏楼”，可以品相声和变戏法表演。大狮子胡同是近代思想家、教育家严复故居所在地，原房屋已不在，现在旧址上建天演广场，铸有严复铜像。另外还有通庆里、玉皇阁等等，各有特色。每年的农历3月23日是天后娘娘的生日，届时古文化街会举行皇会（最初叫“娘娘会”，因乾隆下江南时曾游此会于是得名“皇会”），天后宫前广场、宫南、宫北一带都能看到表演，有龙灯舞、狮子舞、少林会、高跷、法鼓、旱船、地秧歌、武术以及京戏、评剧、梆子等，是整个天津热闹的庙会之一。,全年 09:00-17:00开放,https://dimg04.c-ctrip.com/images/0107212000h0yshad3F39_D_521_391.jpg,0,
140,五大道4A,天津市和平区重庆道83号,4.7,6.6,五大道位于天津和平区，以区域内五个主要的道路命名，实际有二十多条街道。清朝遗老、北洋政府里很多官员名流都曾在这里寓居，一栋栋优美典雅的洋房仿佛在诉说着津门曾经的风云故事。五大道总述目前来到五大道游览，主要就是观看街道上2000多所花园式的欧式建筑，其中名人故居就有三百多处，张学良、顾维钧、爱新觉罗载振等众多清末民初的名流都在这里留下了名字。这里的建筑整体是欧式，但形式多样各有特色。街区优雅浪漫，不少影视剧组来此取景，拍婚纱照的也爱把五大道的小洋房当背景。游玩方式初到五大道，如果摸不清东南西北，可以先到长沙路101号的民园广场，看看曾经的欧式体育馆，这里也相当于是五大道的集散中心。广场附近的游客中心里，可以拿一份地图（也有付费购买的更清晰版），上面标注了五大道很多故居、建筑的所在地，根据地图参观游玩即可。参观重点五大道内，很多的景点值得参观。疙瘩楼在河北路，墙上一粒一粒烧过火的砖形成的疙瘩已经十分特别，而且还是一座瓷片贴满的洋房；马场道117号的天津外国语学院是电视剧《金粉世家》的取景地；清朝庆亲王载振的公馆建筑中西合璧，在重庆道；蔡成勋故居是五大道的中式建筑，在这里显得十分特别，位于大理道；同样在大理道的睦南公园每年春天都有鲜花开放，给游人带来惊喜。,全年 全天开放，马车营业时间08:30-18:30,https://dimg04.c-ctrip.com/images/100711000000rdolz3AEB_D_521_391.jpg,0,
141,意大利风情区4A,天津市河北区自由道25号,4.7,5.9,意大利风情区位于天津市中心，这里有200余栋地中海风格的典雅建筑。漫步其中，就像行走在浪漫的欧洲小镇，众多的名人故居、影视剧取景地也为游人的旅程增色不少。意大利风情区就在海河的旁边，从海河边（北安桥）走过来，首先看到是高高的有尖顶的钟楼，再往前可以看到精致的镂空铜马车，标志着意大利风情旅游区到了。沿街随意逛逛，看看红顶意式建筑群，欧式雕塑，踱步到马可波罗广场。马可波罗广场是景区的标志性建筑之一，中央柯林斯式的石柱上站着手持橄榄枝的和平女神。往西走，是威尼斯广场的“飞狮许愿池”，它远没有《罗马假日》电影里真正的罗马许愿池的气魄和鼎盛人气，可与整个意大利风情区营造的气氛融合，也依稀有电影的感觉了。的确有众多影视剧来这里取景，比如《建国大业》、《金粉世家》等，游人可以在这里找到剧中熟悉的场景，同时，也吸引了很多拍婚纱照的爱侣。除此之外，景区拥有众多名人故居。梁启超故居，大名鼎鼎的“饮冰室”就在这里；大军阀曹锟故居现在是渤海商品交易所；袁世凯故居、冯国璋旧宅现已改为饭店；还有曹禺故居、张廷谔旧宅等。参观一下介绍天津历史和未来城市规划的天津市规划展览馆也不错。到了夜晚，意式建筑亮了灯，西餐厅、咖啡店里的烛光、灯光摇曳，酒吧变得热闹，意大利风情区的景色和氛围更加迷人。,全年 全天开放，景区内的小景点开放时间不一,https://dimg04.c-ctrip.com/images/10071f000001h6wrp6201_D_521_391.jpg,0,
142,天津博物馆,天津市河西区平江道62号,4.6,5.7,天津博物馆位于河西区，是天津市主要的综合博物馆，也是了解天津的去处。馆内展品丰富，玉器、瓷器和书画收藏，雪景寒林图、黄玉猪龙、隋白釉双龙柄联腹传瓶、西周太保鼎等文物都可以在这里看到。天津博物馆共有五层，一至三层各为一个主题展馆，五楼则是一个集合展馆，里面有几个专题的展览。展示天津历史、文化的有一楼“天津人文的由来”展馆、三楼“百年看天津”展馆、五楼的“天津民间艺术陈列”专题展示等，另外还有二楼“馆藏精品展”展馆、五楼的“天津收藏家捐献文物展”专题展示和几个瓷器、书画、玉器的专题展示等，共有二十多万展品，非常丰富。除了这些常设展外，博物馆内还经常会举办一些临时展览，刚好遇到的话可以前去参观。博物馆内可收听对文物的讲解，十分方便。如果想要深入学习的话也可以请一个讲解员，讲解需要提前三天电话预约。简单参观整个博物馆大约需要2-3小时，若要深入了解则需半天甚至更长时间。“天津人文的由来”展馆位于一楼大厅的右侧，概括了天津从旧石器时代一直到清朝中后期的上万年历史。通过陶器、青铜器、铁器等天津当地出土的文物和图片文字说明，展示了天津从不毛之地到运河城市到地区枢纽的发展历程，是了解天津古代历史的地方。“馆藏文物精品展”展馆位于二楼，是馆内的重点展览，集中了天津博物馆内精华的几十件文物，每一件都是珍品，西周太保鼎、隋白釉双龙柄联腹传瓶等文物更是要重点参观一下。“中国百年看天津”展馆位于三楼，展示了从1804年直到新中国建国，天津百年来的历程。因为天津曾是北方工商业城市，也是中国对外的窗口城市，所以才有“中国百年看天津”的说法。展厅内有实景模拟的天津街道，行走在“街道”之间十分有趣。还有当年天津城内的可口可乐广告牌等“西洋货”展示，可以参观了解。其他几个专题展览均在五楼展馆内，有天津收藏家捐献文物展、天津民间艺术展示、中国古代玉器展、扬州画派精品展、明清青花瓷展、海派绘画展等多个展览，书画、玉器和瓷器丰富，其中“雪景寒林图”是镇馆之宝之一，一定不能错过。,"01/01-09/30 周二-周日 09:00-16:30开放;10/08-12/31 周二-周日 09:00-16:30开放;01/01-09/30 周一 全天不开放;10/08-12/31 周一 全天不开放;元旦节,春节,清明节,劳动节,端午节,中秋节 09:00-16:30开放;10/01-10/05 09:00-19:00开放;10/06-10/07 09:00-16:30开放",https://dimg04.c-ctrip.com/images/0104t12000iskpcr89BD3_D_521_391.jpg,0,
143,海河,天津市河东区,4.8,7.3,海河穿天津城区而过，是天津的母亲河。两岸就是天津繁华的街区，同时也集聚了很多优雅的历史建筑，西洋与中式、古典和繁华交织，景观浪漫。在这里漫步、观光、乘船都很不错，夜晚时的景色更是分外迷人。游玩海河，精华的区域位于北侧的天津之眼到南侧的大光明桥（近小白楼）之间，一路走走玩玩，可能要花上1整天的时间。沿途有天津之眼的浪漫优美、古文化街的民俗韵味、意大利风情区的异国风情等等，尤其值得一看的就是海河两侧众多的建筑，海河上的很多桥也都造型各异，十分好看。夜晚是观赏海河的好时间，两侧华灯初上，景色非常漂亮，若要拍摄夜景，推荐天津之眼、津塔津门、天津火车站等几个地方。另外，也可以乘坐海河游船沿途观光。,全年 全天开放,https://dimg04.c-ctrip.com/images/100q1d000001emkdgC4A1_D_521_391.jpg,0,
144,盘山5A,天津市蓟州区官庄镇莲花岭村旁,4.5,6.1,暂无简介,03/21-12/01 07:30-17:30开放;12/02-03/20 08:00-16:30开放,https://dimg04.c-ctrip.com/images/0106d1200087crt4a5E5E_D_521_391.jpg,0,
145,天津设计之都柳林公园生态科技馆,天津市津南区双港镇台儿庄南路,0,0,暂无简介,未知,https://dimg04.c-ctrip.com/images/0HJ1d12000g6qop4xE985_D_521_391.jpg,0,
146,大沽口炮台遗址4A,东炮台路1号,0,4.3,天津大沽口炮台遗址位于海河出海口处，以修建于明代的大沽口炮台为基础。景区内有一座大沽口炮台遗址博物馆，展示了19世纪旧中国那一段被列强欺辱的历史；室外古老的炮台、古炮、城墙等壮观沧桑，可以参观拍照。大沽口炮台遗址景区的规模不大，进入景区后步行即可。景区是以博物馆为主体，进入景区后首先参观博物馆，然后前往炮台遗址处参观拍照即可。时间1-2小时左右即可，如果对历史感兴趣想要深入了解的话可以在门口处雇请一位导游讲解。景区的大门位于西侧，在此购票进入后，左前方即可看到博物馆。博物馆建筑的造型很独特，是一个放射状的金属建筑，整个建筑的外表是铁锈色，显得沧桑古老。进入博物馆即可开始参观文物及资料的展示，博物馆分为序厅、京畿海门、沽口御侮、国门沦陷等几个部分，还有3D影院和临时展厅。通过古铁炮、古钟、炮轮、石碑等文物展示了19世纪旧中国屈辱的历史，使人了解当年国人抗击外敌的奋勇和无奈，可以一一参观了解。参观完博物馆后从出口向东步行几十米，即可看到一座高高的炮台，在城墙之上一座大炮和几个小炮对准海面，沧桑壮观，可以登上炮台与之合影。,"01/01-12/31 周二-周日 09:00-16:30开放;01/01-12/31 周一 全天不开放;元旦节,春节,清明节,劳动节,端午节,国庆节 09:00-16:30开放",https://dimg04.c-ctrip.com/images/0103g12000f6q0os255E5_D_521_391.jpg,0,
147,国家海洋博物馆4A,天津市滨海新区中新生态城海轩道377号,4.5,7.5,国家海洋博物馆坐落于天津市滨海新区中新生态城滨海旅游区域，由国家海洋局与天津市人民政府共建。国家海洋博物馆展厅面积2.3万平方米，通过6大展区、16个展厅和3.6万余件珍贵藏品，全面展现了自然生态、历史人文、科学技术等多维视角下人类与海洋相互依存、和谐共生的密切关系。作为集收藏、展示、研究与教育于一体的综合性海洋博物馆，国家海洋博物馆将服务我国海洋强国战略，为保护海洋生态文明，传承海洋历史文化，讲述当代海洋故事贡献力量。,全年 周一 全天不开放;全年 周二-周日 09:00-17:00开放;春节 09:00-17:00开放，预约夜场时段的观众，限于当日16:00-20:30入馆参观,https://dimg04.c-ctrip.com/images/0100912000aamnttfC673_D_521_391.jpg,0,
